,mid_x,mid_y,mid_z,DTT_Mass_Recovery,MS_Actual,Al_pct,Ca_pct,Fe_pct,K_pct,Mg_pct,Na_pct,P_ppm,S_pct,Si_pct,Ti_pct,Py
16,400174.845,7073879.408,866.2756448,9.611356253,6274,7.91,2.96,11.8,2.34,3.57,2.38,420,0.49,22.2,0.518,0.1
17,400175.4275,7073879.679,865.5096003,4.311359444,1940,8.02,3.65,9.55,2.3,4.45,2.11,420,0.15,22,0.575,0.1
18,400176.0101,7073879.951,864.7435559,4.311359444,1940,8.02,3.65,9.55,2.3,4.45,2.11,420,0.15,22,0.575,0.1
19,400176.5926,7073880.223,863.9775115,3.378885965,1194,8.23,4.55,8.01,2.61,3.8,2.39,500,0.19,21.9,0.587,0.1
20,400177.1752,7073880.494,863.211467,3.378885965,1194,8.23,4.55,8.01,2.61,3.8,2.39,500,0.19,21.9,0.587,0.1
21,400177.7578,7073880.766,862.4454226,5.094216577,2570,8.24,2.09,8.83,2.74,4.87,2.39,420,0.12,23.3,0.596,0.1
22,400178.3403,7073881.037,861.6793781,5.094216577,2570,8.24,2.09,8.83,2.74,4.87,2.39,420,0.12,23.3,0.596,0.1
23,400178.9229,7073881.309,860.9133337,6.365012624,3600,8.1,2.35,9.06,2.82,4.55,2.31,430,0.08,23.1,0.573,0.1
24,400179.5055,7073881.581,860.1472892,6.365012624,3600,8.1,2.35,9.06,2.82,4.55,2.31,430,0.08,23.1,0.573,0.1
25,400180.088,7073881.852,859.3812448,4.340014355,1963,8.24,2.69,8.26,2.63,5.1,2.26,450,0.13,23.1,0.599,0.1
26,400180.6706,7073882.124,858.6152004,4.340014355,1963,8.24,2.69,8.26,2.63,5.1,2.26,450,0.13,23.1,0.599,0.1
27,400181.2532,7073882.396,857.8491559,5.32453686,2756,8.24,2.21,8.98,3.04,4.73,2.29,460,0.25,23.4,0.603,0.1
28,400181.8357,7073882.667,857.0831115,5.32453686,2756,8.24,2.21,8.98,3.04,4.73,2.29,460,0.25,23.4,0.603,0.1
29,400182.4183,7073882.939,856.317067,4.608846186,2179,8.25,2.86,9.37,2.68,4.37,2.41,580,0.92,23.2,0.616,0.1
30,400183.0008,7073883.211,855.5510226,4.608846186,2179,8.25,2.86,9.37,2.68,4.37,2.41,580,0.92,23.2,0.616,0.1
31,400205.2106,7073772.09,917.9221463,20.67870504,15911,6.43,3.54,15.05,0.64,3.08,3.33,1990,0.45,22.4,1.46,0.5
32,400206.5554,7073772.501,916.5640892,22.76863648,17834,6.58,3.3,14.2,0.41,2.35,3.97,2020,0.18,22.4,1.495,0.5
33,400207.2433,7073772.712,915.8694308,22.76863648,17834,6.58,3.3,14.2,0.41,2.35,3.97,2020,0.18,22.4,1.495,0.3
34,400207.9622,7073772.931,915.1435128,14.96695407,10830,6.97,3.59,11.1,1.44,2.53,3.57,2180,0.34,23.9,1.585,0.3
35,400209.338,7073773.352,913.7541961,12.70883791,8886,6.98,4.53,10.4,1.14,2.73,3.69,2240,0.22,24.3,1.605,0.3
36,400210.5591,7073773.725,912.5211775,11.95189548,8242,6.92,4.24,10.1,1.13,2.67,3.67,2210,0.14,24.2,1.605,0.3
795,399497,7072343,720,19.43444248,14783,7.06,2.04,18.85,2.9,3.04,1.57,650,1.2,,0.72,0.5
796,399497,7072343,706,10.56539278,7072,6.36,1.49,24.3,2.08,2.76,1.68,600,1.62,,0.57,0.2
797,399497,7072343,704,17.88926376,13399,6.45,1.15,25.4,1.63,2.87,2.1,500,1.89,,0.52,0.3
798,399497,7072343,696,13.75462064,9782,7.23,1.51,21,2.23,4.02,1.34,520,1.48,,0.65,0.1
831,400277,7073040,1000,22.5034806,17588,5.69,2.68,21.6,0.33,2.78,2.67,1520,1.28,,1.48,4
832,400277,7073040,998,28.22874264,23040,4.85,4.05,23.7,0.42,2.82,2.11,1320,1.1,,1.28,3
833,400277,7073040,996,22.69863768,17769,5.21,3.45,19.9,0.7,2.34,2.28,1510,0.78,,1.36,2
834,400277,7073040,982,21.81279384,16950,5.41,2.43,23.6,1.26,1.22,2.42,1600,1,,1.51,2
835,400277,7073040,980,14.76993945,10659,7.2,1.39,16.6,0.48,4.23,2.52,840,0.46,,0.9,2
836,400277,7073040,978,25.04279296,19969,6.62,1.19,23.9,0.68,3.11,2.68,680,1.33,,0.83,2
837,400343.9023,7073126.1,1066.631891,3.016051956,905,6.91,4.67,8.57,0.95,3.29,3.43,2000,0.58,23.5,1.855,0.2
838,400343.503,7073126.956,1064.995536,5.652044334,3021,6.85,4.31,10.25,0.83,2.83,3.63,1990,0.77,23.4,1.84,0.1
839,400343.0804,7073127.862,1063.263485,7.347894807,4403,6.91,4.16,9.21,1.28,2.32,3.65,2000,0.41,24.1,1.82,0.1
840,400342.6578,7073128.769,1061.531434,6.53686913,3740,7.28,4.43,8.53,1.3,2.29,3.88,2130,0.19,25.3,1.935,0.1
841,400342.2352,7073129.675,1059.799383,4.251539727,1892,7.4,4.89,7.27,1.29,2.31,4.01,2130,0.21,24,1.97,0.1
842,400341.8125,7073130.581,1058.067333,7.427154912,4468,6.93,4.45,9.38,1.25,2.27,3.71,2020,0.23,23.2,1.855,0.1
843,400340.1221,7073134.206,1051.139129,18.85739328,14264,5.64,4,17.05,1.14,2.51,2.43,1290,2.06,,1.11,2
844,400339.6995,7073135.113,1049.407079,21.58885544,16744,6.17,3.16,18.25,1.18,2.62,2.71,1360,0.89,,1.24,1
845,400337.5864,7073139.644,1040.746825,21.21279975,16399,4.69,5.79,26.6,0.9,1.47,1.86,1280,2.59,,0.95,2
846,400337.1637,7073140.551,1039.014774,40.16187191,35543,2.97,0.93,45.2,0.76,0.53,1.2,690,2.74,,0.56,2
847,400336.3185,7073142.363,1035.550672,18.90419769,14306,5.71,2.68,25,1.49,1.3,2.34,1270,0.88,,1.19,0.5
848,400335.4733,7073144.176,1032.08657,6.308499883,3554,7.5,1.66,11,1.52,4.68,3.27,400,0.38,23,0.453,0.1
849,400335.0506,7073145.082,1030.35452,3.407723779,1217,7.92,1.37,9.61,1.83,4.04,3.21,420,0.03,24.5,0.606,0
850,400334.628,7073145.988,1028.622469,3.276026994,1112,8.27,1.66,9.56,2.25,3.62,2.93,420,0.01,24.1,0.606,0
851,400334.2054,7073146.895,1026.890418,4.249046706,1890,8.03,1.91,11,2.45,3.25,2.84,420,0.13,22.3,0.577,0
852,400333.7828,7073147.801,1025.158367,3.194441516,1047,7.69,2.52,8.7,2.16,4.46,2.64,450,0.04,22.9,0.643,0
853,400333.3602,7073148.707,1023.426316,4.293914564,1926,7.77,2.31,9.79,1.39,4.06,3.25,670,0.01,24.4,0.668,0
854,400332.9376,7073149.614,1021.694266,9.889420148,6506,6.77,3.44,12.75,1.35,2.58,3.02,2080,0.11,23.4,1.575,0
855,400332.5149,7073150.52,1019.962215,11.57413083,7922,6.59,3.64,12.35,2.46,2.21,2.55,2030,0.08,22.4,1.56,0
856,400332.0923,7073151.426,1018.230164,6.406768414,3634,6.66,3.08,12.2,1.53,2.69,2.61,2130,0.16,24.4,1.545,0
857,400331.6697,7073152.333,1016.498113,8.191822173,5097,6.56,3.3,10.65,1.42,2.53,2.83,2270,0.16,24.9,1.65,0.1
858,400331.2471,7073153.239,1014.766062,6.619040822,3807,6.78,3.51,10.35,1.61,2.38,3.23,2210,0.09,26.7,1.69,0
859,400330.8245,7073154.145,1013.034012,5.914743522,3234,6.83,3.76,10.1,1.46,2.4,3.16,2420,0.03,25.7,1.76,0
860,400330.4018,7073155.051,1011.301961,6.846908431,3993,6.78,3.45,9.94,1.42,2.38,2.99,2230,0.12,26.3,1.74,0
861,400329.9792,7073155.958,1009.56991,6.1597391,3433,6.64,3.75,11.15,2.56,2.25,2.36,2300,0.04,24.4,1.725,0
862,400329.5566,7073156.864,1007.837859,3.630712694,1395,6.74,3.44,9.39,1.57,1.99,3.16,2210,0.01,26.2,1.725,0
863,400329.134,7073157.77,1006.105808,5.057033606,2540,7.17,3.28,11.35,1.94,2.74,3.01,1530,0.01,23.5,1.26,0
864,400328.7114,7073158.677,1004.373758,11.86227522,8166,6.55,3.22,14.2,1.26,2.75,3.18,1610,0.08,23.3,1.395,0.1
865,400328.2888,7073159.583,1002.641707,8.077815621,5003,5.91,4.38,14.7,0.88,1.84,3.36,1520,0.16,21.8,1.345,0
866,400322.7947,7073171.365,980.1250463,6.9655963,4090,6.59,4.84,10.85,1.15,2.14,3.27,2110,0.1,24.6,1.725,0.1
883,400294.8499,7073003.79,987.9980363,7.736447148,4722,6.44,1.59,19.4,2.1,3.09,1.89,550,1.86,,0.48,1
884,400294.5721,7073004.386,986.1919471,17.61247772,13153,5.62,1.97,21.5,0.69,3.34,2.1,1160,2.37,,1.06,1
885,400294.283,7073005.006,984.3125618,19.36232963,14718,4.74,1.69,28.4,0.91,1.92,1.98,1150,2.22,,1.05,0.5
886,400293.9939,7073005.626,982.4331766,18.95432439,14351,4.79,1.68,29.2,0.93,1.89,2.01,1160,2.41,,1.02,0.5
887,400292.2594,7073009.345,971.1568652,21.73566228,16879,6.68,2.29,19,1.65,1.85,3.1,1930,0.8,,1.63,0.1
888,400291.9703,7073009.965,969.2774799,10.33766363,6881,6.95,1.22,16.8,1.1,3.36,2.97,370,0.79,,0.46,0.3
889,400291.6812,7073010.585,967.3980947,10.07965844,6665,5.31,0.7,29.5,1.13,2.16,2.14,310,2.15,,0.43,0.5
890,400291.3921,7073011.205,965.5187094,7.806976483,4780,6.36,1.46,25.8,1.72,2.64,1.91,320,1.72,,0.48,0.5
891,400291.103,7073011.825,963.6393242,10.39493058,6929,2.77,5.29,34.6,0.47,1.58,0.25,530,3.12,,0.37,0.3
892,400290.8139,7073012.445,961.7599389,10.27798445,6831,5.24,2.76,18.4,0.58,2.66,1.35,1730,0.82,,1.25,0.3
893,400288.5012,7073017.405,946.724857,24.77478411,19715,5.52,2.86,19,1.3,2.73,1.78,1350,0.36,,1.28,0.3
894,400285.3213,7073024.224,926.0516194,10.53560742,7047,5.84,5.94,17.55,0.99,2.68,1.59,960,0.46,,0.85,0.3
895,400285.0322,7073024.844,924.1722341,6.419047183,3644,4.51,8.57,22.5,0.84,1.98,0.49,410,0.91,,0.31,0.3
1020,399893.3421,7073409.877,704.9970079,28.19606319,23008,6.04,4.19,19.65,0.19,1.83,3.68,2250,0.1,,1.37,0.5
1021,399893.446,7073409.701,701.0853439,30.81071263,25603,5.39,4.01,22.2,0.19,1.28,3.13,1640,0.25,,1.12,0
1022,399893.4958,7073409.609,699.0880836,18.40621911,13860,6.6,5.16,14.4,0.44,1.67,3.68,1910,0.16,,1.22,0
1023,399893.5446,7073409.516,697.0908228,20.30729072,15573,6.86,4.01,16.05,0.34,1.92,3.99,2230,0.19,,1.43,0
1024,399893.5924,7073409.423,695.0935619,27.83279327,22653,5.52,5.04,20.2,0.33,1.54,3.02,1780,0.28,,1.13,0
1025,399893.6393,7073409.329,693.0963017,28.0325022,22848,5.38,4.82,20.7,0.52,1.59,2.71,1350,0.58,,1.05,0.5
1026,399893.6852,7073409.235,691.0990424,37.29589087,32375,5.36,3.72,22.7,0.23,1.51,3.01,1530,0.22,,1.13,1
1027,399893.7304,7073409.141,689.1017828,33.2926933,28135,4.57,6.43,22.4,0.25,1.4,2.41,1410,0.13,,0.97,0.5
1028,399893.775,7073409.046,687.1045229,28.08364432,22898,5.17,7.35,19.45,0.22,1.33,2.82,1570,0.13,,1.08,0.5
1029,399893.8189,7073408.951,685.1072631,35.59442572,30548,4.4,5.8,27.6,0.15,1.32,2.28,1550,0.18,,1.12,0
1030,399893.8621,7073408.856,683.1100035,42.58441788,38318,4.68,3.25,27.7,0.13,1.39,2.61,1570,0.11,,1.12,0.5
1031,399893.9052,7073408.761,681.112743,24.23245542,19203,6.28,2.6,14.75,0.15,1.8,3.48,2240,0.06,,1.46,0
1032,399893.9517,7073408.667,679.1154772,20.34030573,15603,4.86,7.07,14,0.33,1.33,2.57,1510,0.11,,0.97,0
1033,399894.0021,7073408.575,677.1182137,39.17166789,34435,4.41,5.02,25.9,0.14,1.57,2.38,1510,0.3,,1.04,0.5
1034,399894.0544,7073408.485,675.1209546,20.88038315,16095,5.08,5.96,17.4,0.47,1.77,2.47,1450,0.24,,0.91,1
1035,399894.1068,7073408.394,673.1236956,18.82506498,14235,5.4,4.87,16.15,0.25,3.08,2.87,1210,0.08,,0.69,0.5
1036,399894.1591,7073408.303,671.1264365,19.21796883,14588,6.04,5.49,14.8,0.34,2.34,3.34,1400,0.25,,0.85,0.5
1037,399894.2114,7073408.213,669.1291774,16.40106567,12083,6.87,4.34,12.7,0.37,2.03,3.87,2100,0.19,,1.32,1
1038,399894.2638,7073408.122,667.1319184,16.57730652,12238,7.44,3.45,13.05,0.55,1.84,4.27,1870,0.12,,1.25,0
1039,399894.3161,7073408.031,665.1346593,16.58866811,12248,7.47,3.31,12.95,0.44,1.75,4.38,2050,0.09,,1.3,0
1102,400059.7994,7073267.611,863.7218593,24.16871835,19143,4.42,4.73,23.5,0.2,3.9,1.79,1460,0.14,,0.54,0
1103,400059.7453,7073267.588,862.0458805,46.82661744,43423,3.69,4.27,32,0.36,2.22,1.65,1180,0.25,,0.76,0
1104,400059.6806,7073267.562,860.0470983,36.4761435,31490,5.79,2.63,26.6,0.76,2.87,2.3,920,0.3,,0.67,0
1105,400059.6153,7073267.538,858.0483138,40.55764471,35990,5.74,2.8,27.6,0.65,2.47,2.35,920,0.31,,0.75,1
1106,400059.5495,7073267.515,856.0495279,23.38696565,18410,7.5,2.25,19.35,0.9,3.02,3.07,890,0.21,,0.82,0
1107,400059.4832,7073267.494,854.0507419,22.25715036,17360,7.46,2.15,18.55,1.32,2.98,2.87,920,0.23,,0.8,0
1108,400059.4163,7073267.474,852.0519574,39.40340773,34693,5.66,2.08,30.1,1.03,2.58,2.14,990,0.35,,0.69,0
1109,400059.3481,7073267.455,850.0532063,33.97160261,28840,5.46,2.82,25.9,1,3.43,1.96,870,0.43,,0.6,1
1110,400059.274,7073267.436,848.0546815,30.22255025,25013,6.07,3.49,23.4,1.28,3.77,1.98,1010,0.28,,0.67,0
1111,400059.1931,7073267.414,846.0564368,27.80716025,22628,6.5,2.92,22,1.3,3.45,2.19,850,0.34,,0.74,1
1112,400059.1054,7073267.39,844.0584967,28.49182192,23298,6.71,2.37,21.4,1.16,3.08,2.75,1010,0.28,,0.77,1
1113,400059.011,7073267.365,842.0608854,24.22714546,19198,6.81,2.72,19.25,1.26,3.24,2.65,1060,0.42,,0.73,1
1114,400058.9108,7073267.338,840.0635811,25.18074918,20100,6.4,3.02,21.3,1.45,3.33,2.23,1040,0.25,,0.69,0
1115,400058.8095,7073267.312,838.0663215,21.94303489,17070,6.85,2.64,20.2,1.77,3.44,2.33,990,0.2,,0.72,0
1116,400058.708,7073267.286,836.0690617,21.47889512,16643,7.1,2.18,18.45,1.39,2.98,2.83,1150,0.18,,0.81,0
1117,400058.6064,7073267.261,834.0718018,47.09528541,43758,4.15,3,31.9,0.67,2.47,1.76,1030,0.22,,0.73,2
1118,400058.5046,7073267.237,832.0745422,46.65355847,43208,4.58,2.74,31.4,0.56,2.62,2.11,1230,0.27,,0.83,2
1119,400058.4017,7073267.213,830.0773289,33.81798868,28680,5.56,2.43,25.6,0.36,2.12,3.02,1470,0.85,,0.72,1
1120,400058.2926,7073267.19,828.0804456,27.97314395,22790,5.69,2.45,23.3,0.82,2.38,2.76,940,0.39,,0.55,1
1121,400058.1762,7073267.167,826.0839627,35.17177588,30100,5.09,3.24,25.6,0.9,3.01,2.14,1250,0.36,,0.72,1
1122,400058.0528,7073267.145,824.0879061,29.74633338,24538,5.75,2.82,24.6,1.26,3.39,2.05,1110,0.29,,0.65,1
1123,400057.9221,7073267.123,822.0923014,34.27323253,29155,6.27,2.13,22,0.8,2.22,2.94,1500,0.25,,1.02,0.5
1124,400057.7852,7073267.101,820.0971125,19.44220579,14790,6.13,2.09,17.5,0.8,3.13,2.56,780,0.18,,0.63,1
1125,400057.6474,7073267.079,818.1019844,30.93980885,25733,5.87,2.93,23,1.08,3,2.45,1210,0.35,,0.75,0
1126,400057.5096,7073267.057,816.1068563,25.03646997,19963,6.42,2.79,19.9,1.12,3.33,2.6,990,0.47,,0.55,0
1127,400057.3718,7073267.035,814.1117282,31.08061577,25875,5.37,2.65,24.4,1.27,3.74,1.49,990,0.26,,0.55,2
1128,400057.234,7073267.014,812.1166001,30.33448676,25125,5.47,3.1,23.6,1.03,3.39,1.86,1120,0.33,,0.75,0.5
1129,400057.0962,7073266.992,810.1214685,34.62427323,29523,4.4,3,25.6,1.1,3,1.39,900,0.4,,0.6,0.5
1130,400056.9581,7073266.975,808.1263173,30.10647504,24897,4.78,2.4,25.4,0.76,3.11,1.72,890,0.59,,0.54,2
1131,400056.8196,7073266.963,806.1311543,30.59183171,25383,4.53,3.62,24.3,1.03,3.65,1.84,1130,0.7,,0.65,2
1132,400056.6808,7073266.956,804.1359913,37.48458487,32580,4.67,2.95,27.5,2.16,3.13,1.24,1030,0.46,,0.7,1
1133,400056.5416,7073266.954,802.1408401,30.11248245,24903,5.5,2.47,21.9,1.81,2.53,1.99,900,0.35,,0.52,1
1134,400056.4013,7073266.956,800.1457696,31.91701626,26723,5.29,2.3,23,1.11,2.35,2,1200,0.25,,0.78,0
1135,400056.2549,7073266.96,798.151139,35.78711226,30753,5.24,2.09,24.5,2,2.34,1.57,1190,0.24,,0.89,0.5
1136,400056.1017,7073266.966,796.1570306,34.4689632,29360,4.68,1.71,26.6,0.46,2.35,1.9,1110,0.22,,0.85,0.5
1137,400055.9416,7073266.975,794.1634699,36.24773217,31245,4.19,1.45,25.9,0.3,2.14,1.7,1160,0.24,,0.85,1
1138,400055.7745,7073266.985,792.1704826,34.85908056,29770,4.83,1.5,28,0.86,3.28,1.28,950,0.39,,0.65,1
1139,400055.6015,7073266.997,790.178017,31.29340024,26090,4.68,1.98,25.6,0.55,3.09,1.56,740,0.33,,0.52,
1140,400055.4276,7073267.007,788.1856262,37.65723727,32768,4.32,2.43,29.7,0.56,2.83,1.45,730,0.27,,0.53,2
1141,400055.2535,7073267.017,786.1932346,19.25907448,14625,6.1,1.96,17.5,0.52,2.98,2.3,670,0.22,,0.69,2
1142,400055.0795,7073267.026,784.2008431,22.11428482,17228,6.01,2.75,18.8,0.61,2.99,2.08,910,0.24,,0.74,0
1143,400054.9053,7073267.033,782.2084522,27.09396077,21935,5.67,2.51,19.3,0.59,2.45,2.21,950,0.21,,0.78,0
1144,400054.7311,7073267.039,780.2160624,23.91871199,18908,5.98,1.53,20.4,2.63,3.77,0.46,850,0.22,,0.72,0
1145,400054.557,7073267.047,778.2236715,8.354179311,5231,6.98,1.2,11.8,1.79,3.94,1.64,800,0.26,,0.64,0
1146,400054.3829,7073267.055,776.23128,6.785689941,3943,7.31,1.85,8.01,1.07,2.77,3.35,750,0.19,,0.63,0
1147,400054.2089,7073267.065,774.2388884,10.93180175,7380,6.7,0.93,9.46,0.96,1.8,3.31,640,0.1,,0.62,0
1148,400054.0349,7073267.076,772.2464975,22.5326146,17615,6.29,1.58,17.4,1.41,2.02,2.65,720,0.18,,0.7,0
1149,400053.861,7073267.088,770.2541079,38.68886083,33900,4.73,2.18,26.3,1.28,2.19,1.71,970,0.34,,0.77,2
1150,400053.6872,7073267.1,768.2617185,39.71396988,35040,5.33,1.76,24.5,0.32,2.02,2.69,1510,0.25,,1.25,2
1151,400053.5133,7073267.112,766.2693291,35.64146375,30598,5.52,2.43,24,0.49,2.07,2.84,1410,0.22,,1.25,1
1152,400053.3394,7073267.124,764.2769397,49.11429837,46325,4.26,2.06,31.8,0.58,1.71,2.08,1050,0.23,,0.89,1
1153,400053.1655,7073267.137,762.2845504,43.49658827,39388,4.67,1.74,27.5,0.6,1.87,2.16,1070,0.27,,0.93,0
1154,400052.9916,7073267.149,760.292161,38.58014871,33780,3.94,2.09,26.2,0.86,2.23,1.41,710,0.57,,0.58,0
1155,400052.8177,7073267.161,758.2997716,36.52547075,31543,5.02,2.39,25.1,1.08,2.3,2.04,880,0.27,,0.73,0
1156,400052.6438,7073267.173,756.3073822,33.07490482,27910,5.18,2.13,24.6,0.91,2.51,2.06,820,0.3,,0.69,0.5
1157,400052.47,7073267.185,754.3149928,36.76701971,31803,5.83,2.22,24.7,0.79,2.46,2.61,1080,0.2,,0.92,1
1158,400052.2961,7073267.197,752.3226034,28.36444964,23173,6.25,2.34,21.2,0.94,3.04,2.52,840,0.12,,0.78,1
1159,400052.1222,7073267.209,750.330214,32.83034103,27658,5.61,1.78,22.2,1.05,2.63,2.05,770,0.16,,0.64,1
1160,400051.9483,7073267.222,748.3378246,30.33448676,25125,5.81,2.42,20.8,1.03,2.44,2.27,790,0.13,,0.68,2
1161,400051.7744,7073267.234,746.3454352,42.75327619,38515,5.09,2.02,24.9,0.28,1.51,2.5,1580,0.3,,1.04,2
1162,400051.6005,7073267.246,744.3530458,32.53051041,27350,4.41,2.18,22.6,0.3,2.32,1.39,790,0.27,,0.56,1
1163,400051.4266,7073267.258,742.3606564,26.2413636,21113,5.08,3.37,19.6,0.22,2.86,1.37,940,0.15,,0.73,1
1164,400051.2527,7073267.27,740.368267,24.56644543,19518,5.73,1.28,19.35,0.86,3.1,1.3,810,0.09,,0.62,1
1270,399978.3718,7073447.499,769.3393989,35.49084826,30438,3.62,4.78,28.5,0.44,4.08,1.45,1230,0.12,,0.4,0.2
1271,399978.3802,7073447.478,768.0630933,26.36315832,21230,6.43,3.33,20,0.41,2.57,3.56,1720,0.1,,1.01,0.2
1272,399978.3932,7073447.446,766.063398,26.56894002,21428,6.61,2.97,18.6,0.66,2.06,3.65,1860,0.17,,1.13,0.1
1273,399978.4063,7073447.413,764.0637026,18.22481402,13698,7.18,2.56,15,1.01,2.27,3.7,1770,0.17,,1.16,0.5
1274,399978.4161,7073447.389,762.563931,45.84379052,42210,2.86,4.81,32.4,0.29,3.34,1.22,970,0.49,,0.36,0.5
1275,399978.4227,7073447.373,761.5640833,45.84379052,42210,2.86,4.81,32.4,0.29,3.34,1.22,970,0.49,,0.36,1
1276,399978.4325,7073447.348,760.0643118,47.8901638,44758,2.52,4.06,34.6,0.25,3.38,1.06,1220,0.4,,0.42,0.3
1277,399978.4455,7073447.316,758.0646164,40.38348385,35793,4.37,3.93,28.9,0.35,3.12,2.17,970,0.3,,0.48,0.8
1278,399978.4586,7073447.284,756.064921,34.89704485,29810,5.33,3.47,24.7,0.37,3.01,2.84,1150,0.21,,0.6,0.4
1279,399978.4717,7073447.251,754.0652256,47.70432558,44523,3.87,3.58,32.6,0.48,3.52,1.78,1170,0.25,,0.51,0.5
1280,399978.4848,7073447.219,752.0655302,49.30717629,46575,4.44,2.99,31.7,0.42,2.55,2.15,1230,0.19,,0.72,0.2
1281,399978.4979,7073447.187,750.0658348,41.90051447,37525,5.32,3.02,27.8,0.45,2.42,2.66,1600,0.1,,0.85,0.1
1282,399978.5109,7073447.154,748.0661394,30.48219777,25273,5.48,3.32,21.3,0.6,3.27,2.5,1240,0.21,,0.6,0.1
1283,399978.524,7073447.122,746.0664441,19.51426874,14855,6.88,3.6,17.25,1.06,3.61,2.74,1390,0.34,,0.71,0.5
1284,399978.5371,7073447.09,744.0667487,29.99426632,24785,6.44,3.49,21.9,0.59,2.69,3.18,1190,0.18,,0.74,0.3
1285,399978.5502,7073447.057,742.0670533,17.30794559,12883,8.04,2.89,14.95,0.61,2.64,4.22,1530,0.1,,0.97,0
1286,399978.5632,7073447.025,740.0673579,68.65003588,78938,8.34,3.34,10.5,2.36,2.75,2.98,1420,0.06,,1,0.1
1334,400015.5566,7073366.894,900.9235806,22.1543492,17265,6.03,4.06,19.65,0.68,2.77,2.57,1350,0.02,,0.94,0.2
1335,400015.5108,7073366.937,899.1266759,30.82263676,25615,5.36,4.45,20.7,0.41,1.83,2.7,1660,0.09,,0.84,0.3
1336,400015.4597,7073366.985,897.1278942,26.80641889,21657,5.21,4.06,23.7,0.27,1.84,2.85,1490,0.12,,0.86,0.3
1337,400015.4087,7073367.032,895.1291126,26.05057156,20930,6.21,3.41,18.45,0.39,2.26,3.42,2290,0.05,,1.33,0.1
1338,400015.3576,7073367.08,893.1303309,31.01123077,25805,5.2,3.74,25.4,0.38,1.97,2.64,1690,0.04,,1.07,0.3
1339,400015.3066,7073367.127,891.1315493,22.80200466,17865,6.27,5.17,19.4,0.82,2.69,2.58,1100,0.13,,0.66,1
1340,400015.2555,7073367.175,889.1327676,40.16808611,35550,4.55,4.44,27.5,0.56,1.78,2.27,1620,0.16,,0.87,0.3
1341,400015.2045,7073367.223,887.133986,35.71854842,30680,5.46,2.61,26.2,0.93,2.01,2.39,1620,0.18,,0.94,0.2
1342,400015.1534,7073367.27,885.1352043,32.37728556,27193,4.46,6.77,23.5,0.36,1.66,2.36,1580,0.47,,0.9,0.3
1343,400015.1024,7073367.318,883.1364226,56.08795951,55993,4.11,2.96,34.4,0.42,1.46,2.19,1220,0.2,,0.82,0.2
1344,400015.0513,7073367.365,881.137641,52.37894582,50680,4.2,2.48,35.6,0.41,1.52,2.25,1220,0.09,,0.82,0.4
1345,400015.0003,7073367.413,879.1388593,49.8040143,47223,4.28,3.17,33.5,0.69,1.71,1.68,1020,0.13,,0.61,0.4
1346,400014.9492,7073367.461,877.1400777,37.22489983,32298,4.27,6.03,27.5,0.86,2.24,1.54,900,0.05,,0.56,0.5
1347,400014.8982,7073367.508,875.141296,40.44541581,35863,2.47,8.9,31.6,0.26,1.83,1.01,680,0.08,,0.35,0.2
1348,400014.8471,7073367.556,873.1425144,37.81028804,32935,4.94,3.01,27.7,1.09,2.66,1.6,1020,0.05,,0.64,0.1
1349,400014.7961,7073367.603,871.1437327,40.93635576,36420,4.41,2.96,30.1,0.86,2.59,1.45,1140,0.06,,0.66,0.1
1350,400014.745,7073367.651,869.1449511,27.75074415,22573,4.53,4.76,25.1,0.59,2.67,1.66,1160,0.11,,0.63,0.1
1351,400014.694,7073367.699,867.1461694,26.62810274,21485,5.46,4.21,24.6,0.72,2.56,2.3,1250,0.12,,0.76,0.2
1352,400014.6429,7073367.746,865.1473878,39.2256242,34495,5,3.06,30.1,0.68,2.04,2.43,1530,0.09,,0.99,0.2
1353,400014.5919,7073367.794,863.1486061,47.47577208,44235,5.19,2.48,30.7,0.85,1.52,2.53,1550,0.11,,0.96,0.4
1354,400014.5408,7073367.841,861.1498245,49.43795271,46745,2.86,3.49,43.3,0.27,1.96,1.27,610,0.17,,0.35,0.5
1355,400014.4898,7073367.889,859.1510428,29.77346702,24565,6.27,3.25,23.6,0.72,2.77,2.91,860,0.05,,0.6,0.5
1356,400014.4388,7073367.937,857.1522611,25.83432732,20723,6.96,2.55,21.6,0.73,2.72,3.22,1110,0.18,,0.78,0.3
1357,400014.3877,7073367.984,855.1534795,30.57190786,25363,5.96,2.18,23.7,0.71,2.14,2.87,930,0.12,,0.68,0.3
1358,400014.3367,7073368.032,853.1546978,39.97520299,35333,5,2.3,31.9,0.55,1.48,2.65,1080,0.08,,0.8,0.1
1359,400014.2856,7073368.079,851.1559162,42.12548373,37785,4.74,2.92,31.4,0.63,2.2,2.15,1120,0.13,,0.7,0.1
1360,400014.2346,7073368.127,849.1571345,32.7476966,27573,4.33,6.28,26.6,0.46,1.85,2.01,1040,0.1,,0.64,0.1
1361,400014.1835,7073368.175,847.1583529,26.19448063,21068,5.13,4.44,23.6,0.3,1.86,2.95,1730,0.09,,1.1,0.1
1362,400014.1325,7073368.222,845.1595712,18.213607,13688,6.35,4.16,17.4,0.86,2.49,3.1,2140,0.06,,1.34,0.1
1363,400014.0814,7073368.27,843.1607896,25.11758583,20040,6.58,3.59,22,1.04,2.58,3.04,1860,0.12,,1.15,0.2
1364,400014.0304,7073368.317,841.1620079,25.61448235,20513,5.37,5.75,19.8,1.31,2.26,1.92,1630,0.11,,0.81,0.3
1365,400013.9793,7073368.365,839.1632263,19.49764283,14840,6.58,5,16.7,1.1,2.78,2.86,2330,0.09,,1.08,0.1
1366,400013.9283,7073368.413,837.1644446,16.218871,11923,7.54,4.43,14.2,1.36,2.76,3.37,2280,0.09,,1.18,0.1
1367,400013.8772,7073368.46,835.1656629,15.35775302,11170,8.13,2.44,12.55,0.97,2.71,4.36,1640,0.27,,0.99,0.3
1368,400013.8262,7073368.508,833.1668813,17.31585068,12890,8.3,1.74,15.6,0.46,3.56,4.01,950,0.09,,0.72,0.3
1369,400013.7751,7073368.555,831.1680996,29.47960928,24273,6.19,2.87,22.1,0.97,2.36,2.78,1070,0.1,,0.68,0.3
1370,400013.7241,7073368.603,829.169318,36.201039,31195,5.88,2.72,24.5,0.61,1.82,3.16,1720,0.07,,1.15,0.4
1371,400013.673,7073368.651,827.1705363,26.222613,21095,6.39,2.17,22.6,1.22,2.63,2.49,840,0.26,,0.65,0.5
1372,400013.622,7073368.698,825.1717547,23.31522372,18343,6.63,2.51,20.4,1.36,2.85,2.43,890,0.18,,0.65,0.4
1373,400013.5709,7073368.746,823.172973,30.30951253,25100,5.61,3.18,26.7,0.87,2.97,2.14,900,0.09,,0.59,0.2
1374,400013.5199,7073368.794,821.1741914,30.04237215,24833,6.23,2.46,24.3,1.5,2.87,2.31,850,0.09,,0.61,0.1
1375,400013.4688,7073368.841,819.1754097,26.31424977,21183,5.59,3.32,21.9,0.71,2.56,2.62,1580,0.14,,1,0.2
1376,400013.4178,7073368.889,817.1766281,39.8834745,35230,4.36,4.08,29.5,0.43,2.43,2.12,1240,0.08,,0.7,0.2
1377,400013.3667,7073368.936,815.1778464,29.20708273,24003,5.08,4.01,25,0.46,2.65,2.62,1480,0.06,,0.9,0.1
1378,400013.3157,7073368.984,813.1790648,32.98084731,27813,4.82,4.24,27.1,0.3,2.15,2.6,1160,0.13,,0.68,0.3
1379,400013.2647,7073369.032,811.1802831,31.55794862,26358,5.33,4.13,23.3,0.49,1.98,2.94,1550,0.14,,1.05,0.1
1380,400013.2136,7073369.079,809.1815014,37.06516995,32125,5.71,3.23,24.6,0.47,1.82,3.27,1480,0.08,,0.98,0.1
1381,400013.1626,7073369.127,807.1827198,33.09719241,27933,6,3.18,24.3,0.6,2.37,3.16,1380,0.17,,0.89,0.3
1382,400013.1115,7073369.174,805.1839381,34.78120044,29688,6.27,2.1,25.5,1.55,1.98,2.88,1040,0.11,,0.73,0.1
1383,400013.0605,7073369.222,803.1851565,27.6398696,22465,6.58,2.37,19.35,0.6,1.39,4.11,1430,0.17,,0.98,0.2
1384,400013.0094,7073369.27,801.1863748,28.29304841,23103,6.45,3.04,21.4,0.52,2.35,3.64,1670,0.1,,1,0.2
1385,400012.9584,7073369.317,799.1875932,27.02680355,21870,6.15,4.94,20.5,0.58,2.23,3.28,1500,0.06,,1.01,0.1
1386,400012.9073,7073369.365,797.1888115,23.00951809,18058,5.81,4.54,19.75,0.69,2.59,2.95,1320,0.16,,0.81,0.1
1387,400012.8563,7073369.412,795.1900299,27.85841964,22678,6.02,3.33,19.95,0.69,2.04,3.3,1240,0.22,,0.85,0.1
1388,400012.8052,7073369.46,793.1912482,29.61054861,24403,5.64,2.74,23.8,0.51,2.34,2.87,1100,0.27,,0.68,0.1
1389,400012.7542,7073369.508,791.1924666,24.71983135,19663,5.47,5.8,20,0.46,2.45,2.67,1080,0.3,,0.65,0.1
1390,400012.7031,7073369.555,789.1936849,32.60361426,27425,5.45,2.83,25.4,0.44,1.71,3.16,1290,0.22,,0.82,0.1
1391,400012.6521,7073369.603,787.1949033,38.50305142,33695,5.36,2.82,26.4,0.4,1.82,3.15,1530,0.31,,0.87,0.1
1392,400012.601,7073369.65,785.1961216,36.69741608,31728,5.11,3.17,26,0.53,2.48,2.6,1340,0.15,,0.75,0.1
1393,400012.55,7073369.698,783.1973399,35.41260898,30355,5.7,2.53,26.2,0.64,2.05,3.01,1330,0.13,,0.89,0.1
1394,400012.4989,7073369.746,781.1985583,48.51058057,45548,3.93,2.9,34.5,0.3,2.52,2.17,890,0.08,,0.58,0.1
1395,400012.3968,7073369.841,777.200995,18.88636965,14290,7.17,2.68,15.65,0.15,2.26,4.58,1050,0.15,,0.73,0.1
1396,400012.3458,7073369.888,775.2022133,15.78163404,11540,8.44,2.08,12.65,0.17,2.37,5.19,1340,0.06,,0.9,0.1
1397,400012.2947,7073369.936,773.2034317,11.0220588,7456,8.54,3.15,10.2,0.91,2.69,4.58,1420,0.08,,0.93,0.1
1398,400012.2437,7073369.984,771.20465,11.66513018,7999,8.29,3.12,10.55,1.06,2.99,4.19,1460,0.16,,0.92,0.1
1399,400012.1926,7073370.031,769.2058684,15.69010774,11460,7.97,2.54,12.3,0.65,2.65,4.37,1390,0.07,,0.86,0.1
1502,399959.0881,7073517.177,731.841263,11.78557746,8101,8.47,3.03,12.3,0.37,2.92,4.61,1770,0.11,,1.16,0.1
1503,399959.198,7073517.05,730.6499706,16.8349519,12465,7.35,4.34,14.9,0.23,2.65,3.92,1720,0.52,,1,0.1
1504,399959.2893,7073516.945,729.6597025,16.8349519,12465,7.35,4.34,14.9,0.23,2.65,3.92,1720,0.52,,1,0.1
1505,399959.4262,7073516.788,728.1743004,18.76372806,14180,7.37,3.05,15.4,0.24,2.29,4.4,1670,0.23,,1.15,0.1
1506,399959.6088,7073516.578,726.1937642,31.96118653,26768,5.68,4.11,22.6,0.24,2.12,3.18,1610,0.68,,0.83,0.2
1507,399959.7915,7073516.368,724.2132281,33.56585656,28418,6.15,3.6,22.4,0.23,1.29,3.78,1200,0.11,,0.89,0
1508,399959.9741,7073516.157,722.232692,39.10867037,34365,6.22,1.82,24,0.38,1.15,3.62,1370,0.07,,1.06,0
1509,399960.1567,7073515.947,720.2521558,34.52140008,29415,6.99,2.56,21.8,0.51,1.44,4.07,1700,0.64,,1.13,0.2
1510,399960.3393,7073515.737,718.2716197,32.10042675,26910,6.81,2.81,21.9,0.39,2.15,3.94,1640,0.08,,1.14,0.1
1511,399960.5219,7073515.527,716.2910836,35.24079107,30173,6.7,2.18,23,0.55,1.6,3.86,1180,0.24,,1.18,0.1
1512,399960.7045,7073515.317,714.3105474,25.86255899,20750,7.55,2.58,18,0.57,2.28,4.17,1610,0.23,,1.13,0.2
1513,399960.8871,7073515.107,712.3300113,30.73316843,25525,7.56,2.12,20.8,0.42,1.59,4.54,1410,0.21,,1.14,0.1
1514,399961.0697,7073514.897,710.3494751,23.47577364,18493,6.99,2.41,18.5,0.58,1.97,3.72,1230,0.22,,1.04,0.1
1590,400067,7073493,820.7745,17.88252056,13393,8.1,3.46,16.45,0.19,3.24,3.93,780,0.41,,0.49,0.1
1591,400067,7073493,819,33.20564267,28045,7.57,2.24,22.7,0.28,3.63,3.01,780,0.16,,0.55,0.3
1592,400067,7073493,817,26.56063371,21420,7.25,2.27,22.6,0.31,2.56,3.59,900,0.11,,0.72,0.3
1593,400067,7073493,815,21.50612315,16668,7.64,3.23,15.9,0.36,2.75,4.3,1630,0.08,,1.26,0.1
1594,400067,7073493,813,19.53089226,14870,7.48,3.6,15.2,0.28,2.7,4.77,2210,0.05,,1.64,0.1
1595,400067,7073493,811,27.32401938,22158,6.75,3.34,17.65,0.2,1.86,4.23,1810,0.07,,1.35,0.1
1596,400067,7073493,809,31.78437591,26588,7.4,3.77,19.15,0.32,2.27,3.9,1240,0.16,,0.82,0.1
1597,400067,7073493,807,25.79771913,20688,8,3.93,15.5,0.28,1.34,4.89,1810,0.06,,1.13,0.1
1598,400067,7073493,805,27.61726881,22443,7.83,2.25,18.5,0.34,1.44,4.86,1710,0.17,,1.13,0.1
1599,400067,7073493,803,27.13320105,21973,7.9,2.56,18.75,0.21,1.32,4.97,1690,0.06,,1.26,0.1
1600,400067,7073493,801,14.9761635,10838,9.42,2.33,12.95,0.64,2.38,5.15,1950,0.19,,1.51,0.1
1601,400067,7073493,799,12.43196228,8650,9.33,3.39,11.3,1.14,2.68,4.61,1790,0.31,,1.42,0.1
1602,400067,7073493,797,15.18549362,11020,8.94,2.89,13.05,0.81,2.49,4.88,1890,0.17,,1.48,0.1
1603,400067,7073493,795,13.6045833,9653,9.64,2.88,13.15,0.97,2.53,5,2040,0.04,,1.55,0.1
1604,400067,7073493,793,16.62501801,12280,9.05,2.14,14.95,1.12,2.37,4.4,1870,0.04,,1.42,0.1
1605,400067,7073493,791,20.63152172,15868,8.27,1.99,15.55,1.02,1.88,4.52,1750,0.18,,1.34,0.1
1606,400067,7073493,789,22.09803835,17213,8,2.15,16.7,1.43,2.05,4.02,1760,0.13,,1.25,0.1
1607,400067,7073493,787,11.21542878,7619,8.16,2.34,12.15,0.51,2.49,4.68,2040,0.24,,1.4,0.1
1608,400067,7073493,785,13.52309345,9583,8.69,2.25,13.3,0.18,2.25,5.37,2160,0.12,,1.45,0.1
1609,400067,7073493,783,15.47245937,11270,8.52,2.68,13.95,0.29,2.02,5.29,2040,0.08,,1.37,0.1
1610,400067,7073493,781,21.90506378,17035,9.05,1.13,16.25,1.26,1.92,4.59,840,0.27,,0.62,0.3
1706,399968,7073229,834.1445,7.44543931,4483,7.1,2.74,17.95,1.23,4.93,0.45,990,0.28,,0.74,0.1
1707,399968,7073229,833,24.81492367,19753,5.47,4.1,22,0.89,3.09,1.04,1610,0.17,,0.88,0.2
1708,399968,7073229,831,41.99837811,37638,4.64,2.42,32.6,0.35,2.05,1.72,1640,0.11,,1,0.3
1709,399968,7073229,829,28.72575172,23528,6.16,2.37,23,0.62,2.26,2.48,2100,0.19,,1.25,0.4
1710,399968,7073229,827,22.02977698,17150,5.27,5.42,17.85,0.93,2.41,1.4,1120,0.3,,0.71,0.2
1711,399968,7073229,825,26.96477229,21810,5.13,4.33,23.3,0.77,2.66,1.33,1300,0.18,,0.82,0.3
1712,399968,7073229,823,25.86255899,20750,4.72,2.44,27.6,1.35,2.36,0.82,910,0.35,,0.62,0.3
1713,399968,7073229,821,46.26541617,42728,3.91,2.4,32.9,0.78,1.97,0.86,890,0.33,,0.59,0.8
1714,399968,7073229,819,47.90753128,44780,3.51,2.61,35.8,0.72,2.27,0.46,850,0.37,,0.47,0.5
1715,399968,7073229,817,43.11189746,38935,3.71,2.27,34.6,0.44,2.12,0.92,1130,0.39,,0.74,1
1716,399968,7073229,815,45.76615496,42115,3.49,2.38,32.6,0.47,2.37,0.56,1150,0.37,,0.65,2
1717,399968,7073229,813,48.71097817,45805,3.26,2.87,32.4,0.64,2.51,0.24,740,0.53,,0.48,0.3
1718,399968,7073229,811,40.94777447,36433,4.78,2.54,29.4,1.4,2.77,0.79,1300,0.28,,0.79,0.2
1719,399968,7073229,809,31.41688562,26215,5.07,3.54,23,0.74,2.64,1.46,1880,0.22,,1.09,0.1
1720,399968,7073229,807,49.6511468,47023,3.53,2.55,38,0.25,2.11,1.19,1160,0.23,,0.81,0.1
1721,399968,7073229,805,36.93104655,31980,4.45,2.97,28.5,0.81,2.81,1.01,1600,0.24,,0.95,0.1
1722,399968,7073229,803,21.68239929,16830,6.23,2.8,19.6,1.41,3.89,1.31,2610,0.2,,1.53,0.1
1723,399968,7073229,801,30.99139689,25785,5.28,3.62,23.9,0.94,3.11,1.77,2240,0.21,,1.28,0.1
1724,399968,7073229,799,28.12964945,22943,4.61,4.25,23,0.69,3.48,1.45,1890,0.37,,0.98,0.2
1725,399968,7073229,797,28.61597665,23420,5.64,2.98,22.3,0.37,2.43,2.61,2030,0.19,,1.22,0.2
1726,399968,7073229,795,36.63890269,31665,5,2.72,26.9,0.7,2.19,1.74,1910,0.19,,1.05,0.1
1727,399968,7073229,793,53.51905967,52268,3.36,2.92,37,0.58,2.18,0.95,1090,0.24,,0.66,0.1
1728,399968,7073229,791,73.14288772,91475,0.71,1.47,58.2,0.04,0.78,0.16,90,0.39,,0.04,3
1729,399968,7073229,789,67.0094415,75250,1.88,2.13,48.6,0.28,1.4,0.47,630,0.5,,0.34,0.8
1730,399968,7073229,787,36.98657307,32040,4.64,2.11,32,0.42,2.31,1.63,1580,0.45,,0.83,0.5
1731,399968,7073229,785,38.69338717,33905,4.76,2.68,30.3,0.34,2.27,1.81,1650,0.18,,0.86,0.5
1732,399968,7073229,783,40.36577941,35773,4.27,2.64,31.1,0.25,2.27,1.4,1440,0.12,,0.8,0.1
1733,399968,7073229,781,51.24761859,49140,3.46,2.13,38.5,0.31,1.76,1.15,1210,0.19,,0.67,0.1
1734,399968,7073229,779,64.35613811,69870,2.72,3.07,45.1,0.22,1.48,0.95,790,0.24,,0.45,0.1
1735,399968,7073229,777,55.3324797,54875,2.05,2.36,46.4,0.49,1.6,0.29,370,0.24,,0.2,1
1736,399968,7073229,775,51.14202836,48998,3.46,2.82,37.8,1.01,2.46,0.27,550,0.31,,0.34,0.3
1737,399968,7073229,773,34.71180784,29615,5.68,2.09,27.3,2.25,3.05,0.58,810,0.16,,0.51,0.5
1738,399968,7073229,771,35.74673222,30710,5.27,2.12,29.3,1.7,2.74,0.81,730,0.13,,0.45,0.3
1739,399968,7073229,769,29.72321341,24515,5.78,2.68,25.6,1.12,2.51,1.55,1020,0.25,,0.61,0.1
1740,399968,7073229,767,17.97239839,13473,6.68,2.63,18,1.03,2.77,2.08,1180,0.15,,0.6,0.3
1741,399968,7073229,765,26.37148083,21238,6.41,2.27,22.6,1.37,3.12,1.46,940,0.35,,0.55,0.3
1742,399968,7073229,763,29.40398541,24198,5.8,2.38,24.8,1.44,2.97,1.09,910,0.24,,0.51,0.2
1743,399968,7073229,761,22.60056369,17678,6.2,1.11,20.3,2.13,2.96,0.94,850,0.18,,0.5,0.3
1744,399968,7073229,759,34.29999289,29183,5.24,2.59,26.4,1.21,2.27,1.62,1050,0.29,,0.74,0.1
1745,399968,7073229,757,32.53831101,27358,6.17,2.97,24.6,0.77,2.26,2.77,1450,0.21,,0.92,0.1
1746,399968,7073229,755,34.42126532,29310,6.87,1.54,24.8,0.61,1.55,3.55,1190,0.2,,0.9,0.1
1747,399968,7073229,753,26.36835997,21235,6.57,2.49,22,1.2,2.35,2.18,1480,0.43,,0.88,0.1
1748,399968,7073229,751,15.42429568,11228,8.34,2.42,14.7,1.38,2.79,3.08,1930,0.25,,1.15,0.2
1749,399968,7073229,749,17.03320223,12640,7.69,2.1,16.1,1.17,2.9,3.01,1960,0.41,,1.14,0.2
1750,399968,7073229,747,33.97448026,28843,5.51,2.46,25.1,0.29,1.75,2.68,1830,0.14,,1.15,0.1
1812,400017.1992,7073135.892,878.663909,30.56891892,25360,5.68,3.37,21.1,0.65,2.39,2.84,1320,0.16,,1.32,0.4
1813,400017.2762,7073135.869,877.1265188,23.15657939,18195,6.12,4.14,16.35,0.12,1.82,3.71,1780,0.06,,1.56,0
1814,400017.3329,7073135.851,875.9955708,26.50350936,21365,6.26,3.57,17.95,0.35,1.71,3.73,1860,0.12,,1.59,0.3
1815,400018.1796,7073135.593,859.101755,22.36309705,17458,6.35,4.05,17.65,0.62,2.49,3.34,1980,0.09,,1.5,0
1816,400018.2772,7073135.563,857.1539281,16.51707234,12185,6.95,3.64,13.7,1.13,2.99,2.83,1840,0.11,,1.37,0
1817,400018.3773,7073135.532,855.156669,16.25533177,11955,7.19,3.1,13,1.06,2.94,3.2,1790,0.12,,1.49,0.7
1818,400018.4774,7073135.502,853.15941,28.29815023,23108,7.12,2.22,18.75,0.86,2.22,3.4,1280,0.06,,1.12,0
1819,400018.5775,7073135.471,851.1621509,11.54930185,7901,7.9,2.81,11.75,1.35,3.25,2.57,420,0.06,,0.63,0.2
1820,400018.6776,7073135.44,849.1648918,8.360233709,5236,8.33,2.03,11.35,1.51,4.08,2.59,520,0.13,,0.69,0
1821,400018.7777,7073135.41,847.1676327,10.38061614,6917,8.14,2.44,12.1,1.46,3.89,2.56,510,0.09,,0.68,0
1822,400018.8778,7073135.379,845.1703737,11.75370515,8074,8,2.52,12.25,1.33,3.58,2.76,490,0.08,,0.69,0
1823,400018.9779,7073135.349,843.1731146,19.84075764,15150,7.2,1.69,19.3,1.02,3.45,2.28,440,0.1,,0.61,0
1824,400019.078,7073135.318,841.1758555,16.107142,11825,7.36,2.3,15.2,1.35,2.96,2.64,510,0.06,,0.67,0
1825,400019.1781,7073135.287,839.1785965,14.74226333,10635,8.4,2.98,12.95,1.79,2.78,2.74,570,0.06,,0.68,0
1826,400019.2782,7073135.257,837.1813374,56.60185562,56765,1.7,3.44,47.9,0.28,1.76,0.48,1670,0.49,,0.14,0.2
1827,400019.3783,7073135.226,835.1840783,73.86830324,94088,0.91,1.03,56.3,0.11,0.97,0.2,260,0.67,,0.08,0.5
1828,400019.4784,7073135.196,833.1868193,70.02044606,82303,0.72,1.66,55.2,0.04,1.01,0.17,310,0.44,,0.07,0.2
1829,400019.5785,7073135.165,831.1895602,71.53810953,86435,0.95,0.93,57,0.13,0.95,0.21,260,0.56,,0.11,0.3
1830,400019.6786,7073135.134,829.1923011,74.22329057,95473,0.43,0.85,61.7,0.04,0.56,0.1,210,0.33,,0.04,0.3
1831,400019.7787,7073135.104,827.1950421,74.43462394,96338,0.42,1.19,60.5,0.05,0.53,0.11,130,0.7,,0.04,1
1832,400019.8788,7073135.073,825.197783,68.59339138,78805,1.02,1.1,56,0.18,1.01,0.19,320,0.72,,0.12,0.5
1833,400019.9789,7073135.043,823.2005239,75.12483635,99430,0.53,1.41,60.8,0.05,0.7,0.13,150,0.63,,0.04,0.5
1834,400020.079,7073135.012,821.2032648,76.71463591,110000,0.61,1.31,59.2,0.08,0.5,0.23,460,3.04,,0.09,0.4
1835,400020.1791,7073134.981,819.2060058,32.62796888,27450,5.21,1.88,26.3,0.83,2.39,2.03,980,1.76,,0.95,0.5
1836,400020.2792,7073134.951,817.2087467,31.43958878,26238,5.05,2.62,23.6,0.31,1.97,2.41,1310,0.92,,1.16,0.4
1837,400020.3793,7073134.92,815.2114876,38.84531728,34073,4.77,2.19,27.2,0.67,2.46,1.81,2240,0.31,,0.89,0.2
1838,400020.4794,7073134.89,813.2142286,42.07622522,37728,4.9,2.71,27.1,0.28,1.73,2.97,1920,1.2,,1.16,0.2
1839,400020.5795,7073134.859,811.2169695,32.01710455,26825,6.39,2.39,20.8,1.19,2.22,3.07,1260,0.55,,0.77,0.6
1840,400020.6796,7073134.828,809.2197104,24.07835848,19058,6.89,2.58,17.5,0.81,2.3,3.41,1480,1.48,,1.14,0.5
1841,400020.7797,7073134.798,807.2224514,26.68826785,21543,7.23,2.67,18.5,1.13,2.01,3.5,1550,0.61,,1.16,0.5
1842,400020.8798,7073134.767,805.2251923,24.92575559,19858,5.94,3.68,17.05,0.8,2.81,2.97,2740,0.15,,0.96,0.3
1843,400020.9799,7073134.736,803.2279332,35.05346726,29975,5.38,2.66,26.4,0.7,2.1,2.74,1990,0.67,,0.98,0.2
10166,400209.4069,7072611.524,895.1746412,1.909544757,28,5.2,13.2,4.16,0.5,1.76,2.09,740,0.06,18.7,0.424,0.3
10261,400272.4316,7073555.963,992.9644531,15.44723312,11248,6.33,3.7,12.3,0.78,1.95,3.73,1950,0.31,22.6,1.665,1
10262,400272.9472,7073556.008,991.0326015,24.79802468,19737,5.6,3.46,18,0.49,1.93,3.11,1640,0.66,19.1,1.455,1
10263,400273.4629,7073556.053,989.1007498,17.68117181,13214,6.44,3.41,14.15,0.72,2.13,3.64,1990,0.6,21.1,1.675,1
10264,400273.9786,7073556.098,987.1688982,18.96768787,14363,6.15,3.42,14.2,0.45,1.94,3.77,1840,0.49,21.3,1.595,1
10265,400274.4942,7073556.143,985.2370465,22.45274734,17541,5.5,4.11,15.7,0.44,1.67,3.12,1370,0.31,20.7,1.485,1
10266,400275.0099,7073556.188,983.3051949,23.33021852,18357,5.78,3.93,15.6,0.54,1.54,3.52,1020,0.03,20.8,1.68,1
10267,400275.5256,7073556.233,981.3733432,14.6049452,10516,6.34,4.46,11.6,1.27,2.14,3.41,1630,0.15,19.3,1.845,1
10268,400275.9459,7073556.27,979.7988841,15.11192328,10956,6.77,3.62,12.65,1.29,1.74,3.69,1340,0.02,20.9,1.595,1
10269,400276.2037,7073556.293,978.8329583,15.11192328,10956,6.77,3.62,12.65,1.29,1.74,3.69,1340,0.02,20.9,1.595,0.1
10270,400276.5569,7073556.323,977.5096399,18.87522575,14280,5.91,3.9,13.8,1.29,2.5,2.75,1430,0.46,20.5,1.18,0.1
10271,400277.0726,7073556.369,975.5777882,22.06878866,17186,5.69,3.72,15.95,1.03,2.89,2.72,1550,0.63,19.3,1.37,0.1
10272,400277.5883,7073556.414,973.6459366,20.42609988,15681,6.61,3.2,15.9,0.45,3.39,3.33,1790,0.58,19.8,1.51,0.1
10273,400278.1039,7073556.459,971.7140849,11.76196908,8081,6.38,3.98,9.59,0.21,2.33,3.97,1760,0.08,22.6,1.45,0.1
10274,400278.4262,7073556.487,970.5066777,22.06878866,17186,6.51,3.31,14.95,1.2,1.51,3.75,1840,0.31,16.8,1.53,0.1
10275,400278.6841,7073556.51,969.5407518,22.06878866,17186,6.51,3.31,14.95,1.2,1.51,3.75,1840,0.31,16.8,1.53,0.5
10276,400279.1353,7073556.549,967.8503816,20.44918722,15702,6.11,4.2,14.95,0.97,1.93,3.45,1680,0.69,21.2,1.385,0.5
10277,400279.6509,7073556.594,965.91853,18.36145374,13820,6.78,3.36,13.35,1.38,1.88,3.68,1900,0.71,21.5,1.585,0.5
10278,400280.1666,7073556.639,963.9866783,13.09967258,9220,7.43,2.98,9.61,0.6,1.82,4.64,2100,0.29,23.1,1.735,0.5
10279,400280.6823,7073556.684,962.0548267,12.60331978,8796,7.2,3.52,10.05,0.49,1.74,4.53,2020,0.35,22.4,1.7,0.5
10280,400281.1979,7073556.729,960.122975,11.52210282,7878,7.14,3.72,10.3,1.32,2.05,3.77,2010,0.29,20.8,1.675,0.5
10281,400281.7136,7073556.775,958.1911234,10.94724482,7393,6.92,4.02,9.43,0.53,2.1,4.08,1970,0.31,22.8,1.625,0.5
10282,400282.2293,7073556.82,956.2592717,10.83791665,7301,7.21,3.59,9.87,1.61,2.46,3.63,2030,0.4,21.7,1.69,0.5
10283,400282.6573,7073556.857,954.6558348,10.46647972,6989,7.74,2.49,10.45,1.52,3.93,3.43,1170,0.4,21.5,1.025,0.5
10284,400282.9151,7073556.88,953.689909,10.46647972,6989,7.74,2.49,10.45,1.52,3.93,3.43,1170,0.4,21.5,1.025,0.3
10285,400283.1317,7073556.899,952.8785313,6.470606373,3686,7,1.83,9.12,1.65,4.33,3.32,430,0.09,22.1,0.474,0.3
10286,400283.3895,7073556.921,951.9126055,6.470606373,3686,7,1.83,9.12,1.65,4.33,3.32,430,0.09,22.1,0.474,1
10287,400283.7763,7073556.955,950.4637168,8.652947967,5478,7.26,2.04,10.7,2.09,4.06,2.89,520,0.61,20.6,0.59,1
10288,400284.1115,7073556.984,949.2080132,9.867866756,6488,7.03,1.18,9.26,1.89,4.33,3.51,380,0.18,21.7,0.427,1
10289,400284.3126,7073557.002,948.454591,9.867866756,6488,7.03,1.18,9.26,1.89,4.33,3.51,380,0.18,21.7,0.427,0
10290,400284.4931,7073557.018,947.778443,9.867866756,6488,7.03,1.18,9.26,1.89,4.33,3.51,380,0.18,21.7,0.427,0.1
10291,400284.8076,7073557.045,946.6000135,10.88546172,7341,6.2,3.54,11.45,0.68,4.32,3.12,1930,0.56,20.5,1.355,0.1
10292,400285.1492,7073557.075,945.3201617,12.67953598,8861,6.06,3.6,10.55,0.16,3.67,3.66,2140,0.19,22.9,1.495,0.1
10293,400285.4071,7073557.098,944.3542359,12.67953598,8861,6.06,3.6,10.55,0.16,3.67,3.66,2140,0.19,22.9,1.495,0.5
10294,400285.8389,7073557.136,942.7363101,14.65342766,10558,6.63,3.68,11.05,1.48,3.1,3.19,2400,0.24,21.7,1.67,0.5
10295,400286.3546,7073557.181,940.8044585,12.4777581,8689,6.6,3.95,9.5,1.99,2.61,3.31,2270,0.09,23.1,1.625,0.5
10296,400286.8703,7073557.226,938.8726068,10.35198267,6893,6.66,4.52,9.87,0.66,2.26,4.04,2340,0.22,22,1.655,0.5
10297,400287.386,7073557.271,936.9407552,8.377184605,5250,6.15,5.87,9.07,0.33,2.34,3.81,2170,0.39,22.7,1.52,0.5
10298,400287.9016,7073557.316,935.0089035,10.61660801,7115,6.64,3.76,9.05,0.39,2.3,4.32,2330,0.22,23,1.655,0.5
10299,400288.4173,7073557.361,933.0770519,10.17766342,6747,7.21,3.88,9.53,0.79,2.55,4.27,2550,0.13,25.5,1.79,0.5
10300,400288.933,7073557.406,931.1452002,10.89734532,7351,6.92,3.36,8.79,0.79,2.49,4.09,2020,0.17,25.3,1.425,0.5
10301,400289.2875,7073557.437,929.8170522,11.90237611,8200,7.09,3.19,9.91,1.17,2.58,3.79,1940,0.29,24,1.445,0.5
10302,400289.5453,7073557.46,928.8511264,11.90237611,8200,7.09,3.19,9.91,1.17,2.58,3.79,1940,0.29,24,1.445,0.2
10303,400289.8483,7073557.486,927.7161635,16.18809874,11896,6.11,4.19,12.8,0.49,2.56,3.46,1640,0.04,22.4,1.3,0.2
