Label,holeid,from,to,mid_x,mid_y,mid_z,pred_DTT_Fe_Conc_Grade,DTT_Mass_Recovery,MS_Actual,Al_pct,Ca_pct,Fe_pct,K_pct,Mg_pct,Na_pct,P_ppm,S_pct,Si_pct,Ti_pct,Py
16,4a3-06-156DD,255,256,400174.845,7073879.408,866.2756448,56.710087,9.611356253,6274,7.91,2.96,11.8,2.34,3.57,2.38,420,0.49,22.2,0.518,0.1
17,4a3-06-156DD,256,257,400175.4275,7073879.679,865.5096003,41.807858,4.311359444,1940,8.02,3.65,9.55,2.3,4.45,2.11,420,0.15,22,0.575,0.1
18,4a3-06-156DD,257,258,400176.0101,7073879.951,864.7435559,41.807858,4.311359444,1940,8.02,3.65,9.55,2.3,4.45,2.11,420,0.15,22,0.575,0.1
19,4a3-06-156DD,258,259,400176.5926,7073880.223,863.9775115,42.516956,3.378885965,1194,8.23,4.55,8.01,2.61,3.8,2.39,500,0.19,21.9,0.587,0.1
20,4a3-06-156DD,259,260,400177.1752,7073880.494,863.211467,42.516956,3.378885965,1194,8.23,4.55,8.01,2.61,3.8,2.39,500,0.19,21.9,0.587,0.1
21,4a3-06-156DD,260,261,400177.7578,7073880.766,862.4454226,41.60696,5.094216577,2570,8.24,2.09,8.83,2.74,4.87,2.39,420,0.12,23.3,0.596,0.1
22,4a3-06-156DD,261,262,400178.3403,7073881.037,861.6793781,41.60696,5.094216577,2570,8.24,2.09,8.83,2.74,4.87,2.39,420,0.12,23.3,0.596,0.1
23,4a3-06-156DD,262,263,400178.9229,7073881.309,860.9133337,54.915146,6.365012624,3600,8.1,2.35,9.06,2.82,4.55,2.31,430,0.08,23.1,0.573,0.1
24,4a3-06-156DD,263,264,400179.5055,7073881.581,860.1472892,54.915146,6.365012624,3600,8.1,2.35,9.06,2.82,4.55,2.31,430,0.08,23.1,0.573,0.1
25,4a3-06-156DD,264,265,400180.088,7073881.852,859.3812448,41.808533,4.340014355,1963,8.24,2.69,8.26,2.63,5.1,2.26,450,0.13,23.1,0.599,0.1
26,4a3-06-156DD,265,266,400180.6706,7073882.124,858.6152004,41.808533,4.340014355,1963,8.24,2.69,8.26,2.63,5.1,2.26,450,0.13,23.1,0.599,0.1
27,4a3-06-156DD,266,267,400181.2532,7073882.396,857.8491559,41.91165,5.32453686,2756,8.24,2.21,8.98,3.04,4.73,2.29,460,0.25,23.4,0.603,0.1
28,4a3-06-156DD,267,268,400181.8357,7073882.667,857.0831115,41.91165,5.32453686,2756,8.24,2.21,8.98,3.04,4.73,2.29,460,0.25,23.4,0.603,0.1
29,4a3-06-156DD,268,269,400182.4183,7073882.939,856.317067,43.057705,4.608846186,2179,8.25,2.86,9.37,2.68,4.37,2.41,580,0.92,23.2,0.616,0.1
30,4a3-06-156DD,269,270,400183.0008,7073883.211,855.5510226,43.057705,4.608846186,2179,8.25,2.86,9.37,2.68,4.37,2.41,580,0.92,23.2,0.616,0.1
31,4a3-06-158DD,206,208,400205.2106,7073772.09,917.9221463,44.069103,20.67870504,15911,6.43,3.54,15.05,0.64,3.08,3.33,1990,0.45,22.4,1.46,0.5
32,4a3-06-158DD,208,209.91,400206.5554,7073772.501,916.5640892,44.469883,22.76863648,17834,6.58,3.3,14.2,0.41,2.35,3.97,2020,0.18,22.4,1.495,0.5
33,4a3-06-158DD,209.91,210,400207.2433,7073772.712,915.8694308,44.47144,22.76863648,17834,6.58,3.3,14.2,0.41,2.35,3.97,2020,0.18,22.4,1.495,0.3
34,4a3-06-158DD,210,212,400207.9622,7073772.931,915.1435128,39.733715,14.96695407,10830,6.97,3.59,11.1,1.44,2.53,3.57,2180,0.34,23.9,1.585,0.3
35,4a3-06-158DD,212,214,400209.338,7073773.352,913.7541961,40.11221,12.70883791,8886,6.98,4.53,10.4,1.14,2.73,3.69,2240,0.22,24.3,1.605,0.3
36,4a3-06-158DD,214,215.55,400210.5591,7073773.725,912.5211775,40.579834,11.95189548,8242,6.92,4.24,10.1,1.13,2.67,3.67,2210,0.14,24.2,1.605,0.3
795,4a3-07-273,408,410,399497,7072343,720,55.988308,19.43444248,14783,7.06,2.04,18.85,2.9,3.04,1.57,650,1.2,,0.72,0.5
796,4a3-07-273,422,424,399497,7072343,706,56.35535,10.56539278,7072,6.36,1.49,24.3,2.08,2.76,1.68,600,1.62,,0.57,0.2
797,4a3-07-273,424,426,399497,7072343,704,54.173923,17.88926376,13399,6.45,1.15,25.4,1.63,2.87,2.1,500,1.89,,0.52,0.3
798,4a3-07-273,432,434,399497,7072343,696,55.812187,13.75462064,9782,7.23,1.51,21,2.23,4.02,1.34,520,1.48,,0.65,0.1
831,4a3-07-275,150,152,400277,7073040,1000,47.23256,22.5034806,17588,5.69,2.68,21.6,0.33,2.78,2.67,1520,1.28,,1.48,4
832,4a3-07-275,152,154,400277,7073040,998,46.580627,28.22874264,23040,4.85,4.05,23.7,0.42,2.82,2.11,1320,1.1,,1.28,3
833,4a3-07-275,154,156,400277,7073040,996,45.63665,22.69863768,17769,5.21,3.45,19.9,0.7,2.34,2.28,1510,0.78,,1.36,2
834,4a3-07-275,168,170,400277,7073040,982,46.051613,21.81279384,16950,5.41,2.43,23.6,1.26,1.22,2.42,1600,1,,1.51,2
835,4a3-07-275,170,172,400277,7073040,980,48.702507,14.76993945,10659,7.2,1.39,16.6,0.48,4.23,2.52,840,0.46,,0.9,2
836,4a3-07-275,172,174,400277,7073040,978,51.539272,25.04279296,19969,6.62,1.19,23.9,0.68,3.11,2.68,680,1.33,,0.83,2
837,4a3-07-276,94.221,96,400343.9023,7073126.1,1066.631891,30.133226,3.016051956,905,6.91,4.67,8.57,0.95,3.29,3.43,2000,0.58,23.5,1.855,0.2
838,4a3-07-276,96,98,400343.503,7073126.956,1064.995536,29.44521,5.652044334,3021,6.85,4.31,10.25,0.83,2.83,3.63,1990,0.77,23.4,1.84,0.1
839,4a3-07-276,98,100,400343.0804,7073127.862,1063.263485,30.560266,7.347894807,4403,6.91,4.16,9.21,1.28,2.32,3.65,2000,0.41,24.1,1.82,0.1
840,4a3-07-276,100,102,400342.6578,7073128.769,1061.531434,28.232677,6.53686913,3740,7.28,4.43,8.53,1.3,2.29,3.88,2130,0.19,25.3,1.935,0.1
841,4a3-07-276,102,104,400342.2352,7073129.675,1059.799383,29.416925,4.251539727,1892,7.4,4.89,7.27,1.29,2.31,4.01,2130,0.21,24,1.97,0.1
842,4a3-07-276,104,106,400341.8125,7073130.581,1058.067333,29.644691,7.427154912,4468,6.93,4.45,9.38,1.25,2.27,3.71,2020,0.23,23.2,1.855,0.1
843,4a3-07-276,112,114,400340.1221,7073134.206,1051.139129,37.329437,18.85739328,14264,5.64,4,17.05,1.14,2.51,2.43,1290,2.06,,1.11,2
844,4a3-07-276,114,116,400339.6995,7073135.113,1049.407079,36.48956,21.58885544,16744,6.17,3.16,18.25,1.18,2.62,2.71,1360,0.89,,1.24,1
845,4a3-07-276,124,126,400337.5864,7073139.644,1040.746825,44.32362,21.21279975,16399,4.69,5.79,26.6,0.9,1.47,1.86,1280,2.59,,0.95,2
846,4a3-07-276,126,128,400337.1637,7073140.551,1039.014774,56.626266,40.16187191,35543,2.97,0.93,45.2,0.76,0.53,1.2,690,2.74,,0.56,2
847,4a3-07-276,130,132,400336.3185,7073142.363,1035.550672,37.068092,18.90419769,14306,5.71,2.68,25,1.49,1.3,2.34,1270,0.88,,1.19,0.5
848,4a3-07-276,134,136,400335.4733,7073144.176,1032.08657,41.07463,6.308499883,3554,7.5,1.66,11,1.52,4.68,3.27,400,0.38,23,0.453,0.1
849,4a3-07-276,136,138,400335.0506,7073145.082,1030.35452,35.512295,3.407723779,1217,7.92,1.37,9.61,1.83,4.04,3.21,420,0.03,24.5,0.606,0
850,4a3-07-276,138,140,400334.628,7073145.988,1028.622469,35.176563,3.276026994,1112,8.27,1.66,9.56,2.25,3.62,2.93,420,0.01,24.1,0.606,0
851,4a3-07-276,140,142,400334.2054,7073146.895,1026.890418,34.86523,4.249046706,1890,8.03,1.91,11,2.45,3.25,2.84,420,0.13,22.3,0.577,0
852,4a3-07-276,142,144,400333.7828,7073147.801,1025.158367,33.694923,3.194441516,1047,7.69,2.52,8.7,2.16,4.46,2.64,450,0.04,22.9,0.643,0
853,4a3-07-276,144,146,400333.3602,7073148.707,1023.426316,34.80732,4.293914564,1926,7.77,2.31,9.79,1.39,4.06,3.25,670,0.01,24.4,0.668,0
854,4a3-07-276,146,148,400332.9376,7073149.614,1021.694266,31.672764,9.889420148,6506,6.77,3.44,12.75,1.35,2.58,3.02,2080,0.11,23.4,1.575,0
855,4a3-07-276,148,150,400332.5149,7073150.52,1019.962215,30.399261,11.57413083,7922,6.59,3.64,12.35,2.46,2.21,2.55,2030,0.08,22.4,1.56,0
856,4a3-07-276,150,152,400332.0923,7073151.426,1018.230164,29.4727,6.406768414,3634,6.66,3.08,12.2,1.53,2.69,2.61,2130,0.16,24.4,1.545,0
857,4a3-07-276,152,154,400331.6697,7073152.333,1016.498113,31.702112,8.191822173,5097,6.56,3.3,10.65,1.42,2.53,2.83,2270,0.16,24.9,1.65,0.1
858,4a3-07-276,154,156,400331.2471,7073153.239,1014.766062,29.832193,6.619040822,3807,6.78,3.51,10.35,1.61,2.38,3.23,2210,0.09,26.7,1.69,0
859,4a3-07-276,156,158,400330.8245,7073154.145,1013.034012,31.680906,5.914743522,3234,6.83,3.76,10.1,1.46,2.4,3.16,2420,0.03,25.7,1.76,0
860,4a3-07-276,158,160,400330.4018,7073155.051,1011.301961,30.764072,6.846908431,3993,6.78,3.45,9.94,1.42,2.38,2.99,2230,0.12,26.3,1.74,0
861,4a3-07-276,160,162,400329.9792,7073155.958,1009.56991,29.522566,6.1597391,3433,6.64,3.75,11.15,2.56,2.25,2.36,2300,0.04,24.4,1.725,0
862,4a3-07-276,162,164,400329.5566,7073156.864,1007.837859,31.032032,3.630712694,1395,6.74,3.44,9.39,1.57,1.99,3.16,2210,0.01,26.2,1.725,0
863,4a3-07-276,164,166,400329.134,7073157.77,1006.105808,31.100195,5.057033606,2540,7.17,3.28,11.35,1.94,2.74,3.01,1530,0.01,23.5,1.26,0
864,4a3-07-276,166,168,400328.7114,7073158.677,1004.373758,30.88608,11.86227522,8166,6.55,3.22,14.2,1.26,2.75,3.18,1610,0.08,23.3,1.395,0.1
865,4a3-07-276,168,170,400328.2888,7073159.583,1002.641707,30.097643,8.077815621,5003,5.91,4.38,14.7,0.88,1.84,3.36,1520,0.16,21.8,1.345,0
866,4a3-07-276,194,196,400322.7947,7073171.365,980.1250463,30.777534,6.9655963,4090,6.59,4.84,10.85,1.15,2.14,3.27,2110,0.1,24.6,1.725,0.1
883,4a3-07-277,166.156,168,400294.8499,7073003.79,987.9980363,43.249924,7.736447148,4722,6.44,1.59,19.4,2.1,3.09,1.89,550,1.86,,0.48,1
884,4a3-07-277,168,170,400294.5721,7073004.386,986.1919471,38.07313,17.61247772,13153,5.62,1.97,21.5,0.69,3.34,2.1,1160,2.37,,1.06,1
885,4a3-07-277,170,172,400294.283,7073005.006,984.3125618,48.333454,19.36232963,14718,4.74,1.69,28.4,0.91,1.92,1.98,1150,2.22,,1.05,0.5
886,4a3-07-277,172,174,400293.9939,7073005.626,982.4331766,52.458347,18.95432439,14351,4.79,1.68,29.2,0.93,1.89,2.01,1160,2.41,,1.02,0.5
887,4a3-07-277,184,186,400292.2594,7073009.345,971.1568652,33.433334,21.73566228,16879,6.68,2.29,19,1.65,1.85,3.1,1930,0.8,,1.63,0.1
888,4a3-07-277,186,188,400291.9703,7073009.965,969.2774799,44.04237,10.33766363,6881,6.95,1.22,16.8,1.1,3.36,2.97,370,0.79,,0.46,0.3
889,4a3-07-277,188,190,400291.6812,7073010.585,967.3980947,57.606148,10.07965844,6665,5.31,0.7,29.5,1.13,2.16,2.14,310,2.15,,0.43,0.5
890,4a3-07-277,190,192,400291.3921,7073011.205,965.5187094,43.389034,7.806976483,4780,6.36,1.46,25.8,1.72,2.64,1.91,320,1.72,,0.48,0.5
891,4a3-07-277,192,194,400291.103,7073011.825,963.6393242,60.467358,10.39493058,6929,2.77,5.29,34.6,0.47,1.58,0.25,530,3.12,,0.37,0.3
892,4a3-07-277,194,196,400290.8139,7073012.445,961.7599389,31.175617,10.27798445,6831,5.24,2.76,18.4,0.58,2.66,1.35,1730,0.82,,1.25,0.3
893,4a3-07-277,210,212,400288.5012,7073017.405,946.724857,37.059937,24.77478411,19715,5.52,2.86,19,1.3,2.73,1.78,1350,0.36,,1.28,0.3
894,4a3-07-277,232,234,400285.3213,7073024.224,926.0516194,50.621933,10.53560742,7047,5.84,5.94,17.55,0.99,2.68,1.59,960,0.46,,0.85,0.3
895,4a3-07-277,234,236,400285.0322,7073024.844,924.1722341,51.108482,6.419047183,3644,4.51,8.57,22.5,0.84,1.98,0.49,410,0.91,,0.31,0.3
1020,4a3-08-351,376.166,378,399893.3421,7073409.877,704.9970079,47.76282,28.19606319,23008,6.04,4.19,19.65,0.19,1.83,3.68,2250,0.1,,1.37,0.5
1021,4a3-08-351,380,382,399893.446,7073409.701,701.0853439,48.354607,30.81071263,25603,5.39,4.01,22.2,0.19,1.28,3.13,1640,0.25,,1.12,0
1022,4a3-08-351,382,384,399893.4958,7073409.609,699.0880836,43.84921,18.40621911,13860,6.6,5.16,14.4,0.44,1.67,3.68,1910,0.16,,1.22,0
1023,4a3-08-351,384,386,399893.5446,7073409.516,697.0908228,46.374123,20.30729072,15573,6.86,4.01,16.05,0.34,1.92,3.99,2230,0.19,,1.43,0
1024,4a3-08-351,386,388,399893.5924,7073409.423,695.0935619,48.804707,27.83279327,22653,5.52,5.04,20.2,0.33,1.54,3.02,1780,0.28,,1.13,0
1025,4a3-08-351,388,390,399893.6393,7073409.329,693.0963017,46.678772,28.0325022,22848,5.38,4.82,20.7,0.52,1.59,2.71,1350,0.58,,1.05,0.5
1026,4a3-08-351,390,392,399893.6852,7073409.235,691.0990424,49.035255,37.29589087,32375,5.36,3.72,22.7,0.23,1.51,3.01,1530,0.22,,1.13,1
1027,4a3-08-351,392,394,399893.7304,7073409.141,689.1017828,55.70102,33.2926933,28135,4.57,6.43,22.4,0.25,1.4,2.41,1410,0.13,,0.97,0.5
1028,4a3-08-351,394,396,399893.775,7073409.046,687.1045229,49.140785,28.08364432,22898,5.17,7.35,19.45,0.22,1.33,2.82,1570,0.13,,1.08,0.5
1029,4a3-08-351,396,398,399893.8189,7073408.951,685.1072631,49.39263,35.59442572,30548,4.4,5.8,27.6,0.15,1.32,2.28,1550,0.18,,1.12,0
1030,4a3-08-351,398,400,399893.8621,7073408.856,683.1100035,50.088444,42.58441788,38318,4.68,3.25,27.7,0.13,1.39,2.61,1570,0.11,,1.12,0.5
1031,4a3-08-351,400,402,399893.9052,7073408.761,681.112743,45.524475,24.23245542,19203,6.28,2.6,14.75,0.15,1.8,3.48,2240,0.06,,1.46,0
1032,4a3-08-351,402,404,399893.9517,7073408.667,679.1154772,54.552513,20.34030573,15603,4.86,7.07,14,0.33,1.33,2.57,1510,0.11,,0.97,0
1033,4a3-08-351,404,406,399894.0021,7073408.575,677.1182137,49.114384,39.17166789,34435,4.41,5.02,25.9,0.14,1.57,2.38,1510,0.3,,1.04,0.5
1034,4a3-08-351,406,408,399894.0544,7073408.485,675.1209546,53.275665,20.88038315,16095,5.08,5.96,17.4,0.47,1.77,2.47,1450,0.24,,0.91,1
1035,4a3-08-351,408,410,399894.1068,7073408.394,673.1236956,54.980312,18.82506498,14235,5.4,4.87,16.15,0.25,3.08,2.87,1210,0.08,,0.69,0.5
1036,4a3-08-351,410,412,399894.1591,7073408.303,671.1264365,55.55811,19.21796883,14588,6.04,5.49,14.8,0.34,2.34,3.34,1400,0.25,,0.85,0.5
1037,4a3-08-351,412,414,399894.2114,7073408.213,669.1291774,45.506584,16.40106567,12083,6.87,4.34,12.7,0.37,2.03,3.87,2100,0.19,,1.32,1
1038,4a3-08-351,414,416,399894.2638,7073408.122,667.1319184,42.413322,16.57730652,12238,7.44,3.45,13.05,0.55,1.84,4.27,1870,0.12,,1.25,0
1039,4a3-08-351,416,418,399894.3161,7073408.031,665.1346593,43.377377,16.58866811,12248,7.47,3.31,12.95,0.44,1.75,4.38,2050,0.09,,1.3,0
1102,4a3-08-352,226.646,228,400059.7994,7073267.611,863.7218593,57.20501,24.16871835,19143,4.42,4.73,23.5,0.2,3.9,1.79,1460,0.14,,0.54,0
1103,4a3-08-352,228,230,400059.7453,7073267.588,862.0458805,61.99874,46.82661744,43423,3.69,4.27,32,0.36,2.22,1.65,1180,0.25,,0.76,0
1104,4a3-08-352,230,232,400059.6806,7073267.562,860.0470983,54.532063,36.4761435,31490,5.79,2.63,26.6,0.76,2.87,2.3,920,0.3,,0.67,0
1105,4a3-08-352,232,234,400059.6153,7073267.538,858.0483138,59.48704,40.55764471,35990,5.74,2.8,27.6,0.65,2.47,2.35,920,0.31,,0.75,1
1106,4a3-08-352,234,236,400059.5495,7073267.515,856.0495279,57.31454,23.38696565,18410,7.5,2.25,19.35,0.9,3.02,3.07,890,0.21,,0.82,0
1107,4a3-08-352,236,238,400059.4832,7073267.494,854.0507419,56.01377,22.25715036,17360,7.46,2.15,18.55,1.32,2.98,2.87,920,0.23,,0.8,0
1108,4a3-08-352,238,240,400059.4163,7073267.474,852.0519574,61.304058,39.40340773,34693,5.66,2.08,30.1,1.03,2.58,2.14,990,0.35,,0.69,0
1109,4a3-08-352,240,242,400059.3481,7073267.455,850.0532063,58.945866,33.97160261,28840,5.46,2.82,25.9,1,3.43,1.96,870,0.43,,0.6,1
1110,4a3-08-352,242,244,400059.274,7073267.436,848.0546815,55.989452,30.22255025,25013,6.07,3.49,23.4,1.28,3.77,1.98,1010,0.28,,0.67,0
1111,4a3-08-352,244,246,400059.1931,7073267.414,846.0564368,58.23314,27.80716025,22628,6.5,2.92,22,1.3,3.45,2.19,850,0.34,,0.74,1
1112,4a3-08-352,246,248,400059.1054,7073267.39,844.0584967,55.44635,28.49182192,23298,6.71,2.37,21.4,1.16,3.08,2.75,1010,0.28,,0.77,1
1113,4a3-08-352,248,250,400059.011,7073267.365,842.0608854,56.78271,24.22714546,19198,6.81,2.72,19.25,1.26,3.24,2.65,1060,0.42,,0.73,1
1114,4a3-08-352,250,252,400058.9108,7073267.338,840.0635811,54.496796,25.18074918,20100,6.4,3.02,21.3,1.45,3.33,2.23,1040,0.25,,0.69,0
1115,4a3-08-352,252,254,400058.8095,7073267.312,838.0663215,52.32384,21.94303489,17070,6.85,2.64,20.2,1.77,3.44,2.33,990,0.2,,0.72,0
1116,4a3-08-352,254,256,400058.708,7073267.286,836.0690617,57.51626,21.47889512,16643,7.1,2.18,18.45,1.39,2.98,2.83,1150,0.18,,0.81,0
1117,4a3-08-352,256,258,400058.6064,7073267.261,834.0718018,59.709682,47.09528541,43758,4.15,3,31.9,0.67,2.47,1.76,1030,0.22,,0.73,2
1118,4a3-08-352,258,260,400058.5046,7073267.237,832.0745422,58.250126,46.65355847,43208,4.58,2.74,31.4,0.56,2.62,2.11,1230,0.27,,0.83,2
1119,4a3-08-352,260,262,400058.4017,7073267.213,830.0773289,61.709793,33.81798868,28680,5.56,2.43,25.6,0.36,2.12,3.02,1470,0.85,,0.72,1
1120,4a3-08-352,262,264,400058.2926,7073267.19,828.0804456,55.78301,27.97314395,22790,5.69,2.45,23.3,0.82,2.38,2.76,940,0.39,,0.55,1
1121,4a3-08-352,264,266,400058.1762,7073267.167,826.0839627,58.326004,35.17177588,30100,5.09,3.24,25.6,0.9,3.01,2.14,1250,0.36,,0.72,1
1122,4a3-08-352,266,268,400058.0528,7073267.145,824.0879061,55.83561,29.74633338,24538,5.75,2.82,24.6,1.26,3.39,2.05,1110,0.29,,0.65,1
1123,4a3-08-352,268,270,400057.9221,7073267.123,822.0923014,51.645924,34.27323253,29155,6.27,2.13,22,0.8,2.22,2.94,1500,0.25,,1.02,0.5
1124,4a3-08-352,270,272,400057.7852,7073267.101,820.0971125,51.131706,19.44220579,14790,6.13,2.09,17.5,0.8,3.13,2.56,780,0.18,,0.63,1
1125,4a3-08-352,272,274,400057.6474,7073267.079,818.1019844,57.268986,30.93980885,25733,5.87,2.93,23,1.08,3,2.45,1210,0.35,,0.75,0
1126,4a3-08-352,274,276,400057.5096,7073267.057,816.1068563,57.03422,25.03646997,19963,6.42,2.79,19.9,1.12,3.33,2.6,990,0.47,,0.55,0
1127,4a3-08-352,276,278,400057.3718,7073267.035,814.1117282,57.038628,31.08061577,25875,5.37,2.65,24.4,1.27,3.74,1.49,990,0.26,,0.55,2
1128,4a3-08-352,278,280,400057.234,7073267.014,812.1166001,58.54992,30.33448676,25125,5.47,3.1,23.6,1.03,3.39,1.86,1120,0.33,,0.75,0.5
1129,4a3-08-352,280,282,400057.0962,7073266.992,810.1214685,59.570934,34.62427323,29523,4.4,3,25.6,1.1,3,1.39,900,0.4,,0.6,0.5
1130,4a3-08-352,282,284,400056.9581,7073266.975,808.1263173,59.001053,30.10647504,24897,4.78,2.4,25.4,0.76,3.11,1.72,890,0.59,,0.54,2
1131,4a3-08-352,284,286,400056.8196,7073266.963,806.1311543,59.32518,30.59183171,25383,4.53,3.62,24.3,1.03,3.65,1.84,1130,0.7,,0.65,2
1132,4a3-08-352,286,288,400056.6808,7073266.956,804.1359913,59.072266,37.48458487,32580,4.67,2.95,27.5,2.16,3.13,1.24,1030,0.46,,0.7,1
1133,4a3-08-352,288,290,400056.5416,7073266.954,802.1408401,59.30016,30.11248245,24903,5.5,2.47,21.9,1.81,2.53,1.99,900,0.35,,0.52,1
1134,4a3-08-352,290,292,400056.4013,7073266.956,800.1457696,56.24988,31.91701626,26723,5.29,2.3,23,1.11,2.35,2,1200,0.25,,0.78,0
1135,4a3-08-352,292,294,400056.2549,7073266.96,798.151139,53.24947,35.78711226,30753,5.24,2.09,24.5,2,2.34,1.57,1190,0.24,,0.89,0.5
1136,4a3-08-352,294,296,400056.1017,7073266.966,796.1570306,55.73931,34.4689632,29360,4.68,1.71,26.6,0.46,2.35,1.9,1110,0.22,,0.85,0.5
1137,4a3-08-352,296,298,400055.9416,7073266.975,794.1634699,59.400757,36.24773217,31245,4.19,1.45,25.9,0.3,2.14,1.7,1160,0.24,,0.85,1
1138,4a3-08-352,298,300,400055.7745,7073266.985,792.1704826,62.242565,34.85908056,29770,4.83,1.5,28,0.86,3.28,1.28,950,0.39,,0.65,1
1139,4a3-08-352,300,302,400055.6015,7073266.997,790.178017,58.130413,31.29340024,26090,4.68,1.98,25.6,0.55,3.09,1.56,740,0.33,,0.52,
1140,4a3-08-352,302,304,400055.4276,7073267.007,788.1856262,61.7214,37.65723727,32768,4.32,2.43,29.7,0.56,2.83,1.45,730,0.27,,0.53,2
1141,4a3-08-352,304,306,400055.2535,7073267.017,786.1932346,53.608784,19.25907448,14625,6.1,1.96,17.5,0.52,2.98,2.3,670,0.22,,0.69,2
1142,4a3-08-352,306,308,400055.0795,7073267.026,784.2008431,55.069817,22.11428482,17228,6.01,2.75,18.8,0.61,2.99,2.08,910,0.24,,0.74,0
1143,4a3-08-352,308,310,400054.9053,7073267.033,782.2084522,55.411057,27.09396077,21935,5.67,2.51,19.3,0.59,2.45,2.21,950,0.21,,0.78,0
1144,4a3-08-352,310,312,400054.7311,7073267.039,780.2160624,58.46248,23.91871199,18908,5.98,1.53,20.4,2.63,3.77,0.46,850,0.22,,0.72,0
1145,4a3-08-352,312,314,400054.557,7073267.047,778.2236715,57.223404,8.354179311,5231,6.98,1.2,11.8,1.79,3.94,1.64,800,0.26,,0.64,0
1146,4a3-08-352,314,316,400054.3829,7073267.055,776.23128,61.944363,6.785689941,3943,7.31,1.85,8.01,1.07,2.77,3.35,750,0.19,,0.63,0
1147,4a3-08-352,316,318,400054.2089,7073267.065,774.2388884,59.04721,10.93180175,7380,6.7,0.93,9.46,0.96,1.8,3.31,640,0.1,,0.62,0
1148,4a3-08-352,318,320,400054.0349,7073267.076,772.2464975,56.81568,22.5326146,17615,6.29,1.58,17.4,1.41,2.02,2.65,720,0.18,,0.7,0
1149,4a3-08-352,320,322,400053.861,7073267.088,770.2541079,57.60504,38.68886083,33900,4.73,2.18,26.3,1.28,2.19,1.71,970,0.34,,0.77,2
1150,4a3-08-352,322,324,400053.6872,7073267.1,768.2617185,51.490547,39.71396988,35040,5.33,1.76,24.5,0.32,2.02,2.69,1510,0.25,,1.25,2
1151,4a3-08-352,324,326,400053.5133,7073267.112,766.2693291,48.9413,35.64146375,30598,5.52,2.43,24,0.49,2.07,2.84,1410,0.22,,1.25,1
1152,4a3-08-352,326,328,400053.3394,7073267.124,764.2769397,60.466957,49.11429837,46325,4.26,2.06,31.8,0.58,1.71,2.08,1050,0.23,,0.89,1
1153,4a3-08-352,328,330,400053.1655,7073267.137,762.2845504,57.087646,43.49658827,39388,4.67,1.74,27.5,0.6,1.87,2.16,1070,0.27,,0.93,0
1154,4a3-08-352,330,332,400052.9916,7073267.149,760.292161,59.16328,38.58014871,33780,3.94,2.09,26.2,0.86,2.23,1.41,710,0.57,,0.58,0
1155,4a3-08-352,332,334,400052.8177,7073267.161,758.2997716,57.74421,36.52547075,31543,5.02,2.39,25.1,1.08,2.3,2.04,880,0.27,,0.73,0
1156,4a3-08-352,334,336,400052.6438,7073267.173,756.3073822,59.636494,33.07490482,27910,5.18,2.13,24.6,0.91,2.51,2.06,820,0.3,,0.69,0.5
1157,4a3-08-352,336,338,400052.47,7073267.185,754.3149928,54.244625,36.76701971,31803,5.83,2.22,24.7,0.79,2.46,2.61,1080,0.2,,0.92,1
1158,4a3-08-352,338,340,400052.2961,7073267.197,752.3226034,57.996387,28.36444964,23173,6.25,2.34,21.2,0.94,3.04,2.52,840,0.12,,0.78,1
1159,4a3-08-352,340,342,400052.1222,7073267.209,750.330214,59.24755,32.83034103,27658,5.61,1.78,22.2,1.05,2.63,2.05,770,0.16,,0.64,1
1160,4a3-08-352,342,344,400051.9483,7073267.222,748.3378246,58.938328,30.33448676,25125,5.81,2.42,20.8,1.03,2.44,2.27,790,0.13,,0.68,2
1161,4a3-08-352,344,346,400051.7744,7073267.234,746.3454352,52.545166,42.75327619,38515,5.09,2.02,24.9,0.28,1.51,2.5,1580,0.3,,1.04,2
1162,4a3-08-352,346,348,400051.6005,7073267.246,744.3530458,60.27284,32.53051041,27350,4.41,2.18,22.6,0.3,2.32,1.39,790,0.27,,0.56,1
1163,4a3-08-352,348,350,400051.4266,7073267.258,742.3606564,58.843056,26.2413636,21113,5.08,3.37,19.6,0.22,2.86,1.37,940,0.15,,0.73,1
1164,4a3-08-352,350,352,400051.2527,7073267.27,740.368267,56.35108,24.56644543,19518,5.73,1.28,19.35,0.86,3.1,1.3,810,0.09,,0.62,1
1270,4a3-08-353,311.447,312,399978.3718,7073447.499,769.3393989,61.801296,35.49084826,30438,3.62,4.78,28.5,0.44,4.08,1.45,1230,0.12,,0.4,0.2
1271,4a3-08-353,312,314,399978.3802,7073447.478,768.0630933,48.112522,26.36315832,21230,6.43,3.33,20,0.41,2.57,3.56,1720,0.1,,1.01,0.2
1272,4a3-08-353,314,316,399978.3932,7073447.446,766.063398,44.99515,26.56894002,21428,6.61,2.97,18.6,0.66,2.06,3.65,1860,0.17,,1.13,0.1
1273,4a3-08-353,316,318,399978.4063,7073447.413,764.0637026,45.998676,18.22481402,13698,7.18,2.56,15,1.01,2.27,3.7,1770,0.17,,1.16,0.5
1274,4a3-08-353,318,319,399978.4161,7073447.389,762.563931,63.159214,45.84379052,42210,2.86,4.81,32.4,0.29,3.34,1.22,970,0.49,,0.36,0.5
1275,4a3-08-353,319,320,399978.4227,7073447.373,761.5640833,63.159214,45.84379052,42210,2.86,4.81,32.4,0.29,3.34,1.22,970,0.49,,0.36,1
1276,4a3-08-353,320,322,399978.4325,7073447.348,760.0643118,62.860287,47.8901638,44758,2.52,4.06,34.6,0.25,3.38,1.06,1220,0.4,,0.42,0.3
1277,4a3-08-353,322,324,399978.4455,7073447.316,758.0646164,63.562088,40.38348385,35793,4.37,3.93,28.9,0.35,3.12,2.17,970,0.3,,0.48,0.8
1278,4a3-08-353,324,326,399978.4586,7073447.284,756.064921,56.351704,34.89704485,29810,5.33,3.47,24.7,0.37,3.01,2.84,1150,0.21,,0.6,0.4
1279,4a3-08-353,326,328,399978.4717,7073447.251,754.0652256,57.406284,47.70432558,44523,3.87,3.58,32.6,0.48,3.52,1.78,1170,0.25,,0.51,0.5
1280,4a3-08-353,328,330,399978.4848,7073447.219,752.0655302,56.65767,49.30717629,46575,4.44,2.99,31.7,0.42,2.55,2.15,1230,0.19,,0.72,0.2
1281,4a3-08-353,330,332,399978.4979,7073447.187,750.0658348,56.178448,41.90051447,37525,5.32,3.02,27.8,0.45,2.42,2.66,1600,0.1,,0.85,0.1
1282,4a3-08-353,332,334,399978.5109,7073447.154,748.0661394,52.347733,30.48219777,25273,5.48,3.32,21.3,0.6,3.27,2.5,1240,0.21,,0.6,0.1
1283,4a3-08-353,334,336,399978.524,7073447.122,746.0664441,56.027283,19.51426874,14855,6.88,3.6,17.25,1.06,3.61,2.74,1390,0.34,,0.71,0.5
1284,4a3-08-353,336,338,399978.5371,7073447.09,744.0667487,50.19871,29.99426632,24785,6.44,3.49,21.9,0.59,2.69,3.18,1190,0.18,,0.74,0.3
1285,4a3-08-353,338,340,399978.5502,7073447.057,742.0670533,47.223507,17.30794559,12883,8.04,2.89,14.95,0.61,2.64,4.22,1530,0.1,,0.97,0
1286,4a3-08-353,340,342,399978.5632,7073447.025,740.0673579,42.13622,68.65003588,78938,8.34,3.34,10.5,2.36,2.75,2.98,1420,0.06,,1,0.1
1334,4a3-08-354,182.404,184,400015.5566,7073366.894,900.9235806,54.20421,22.1543492,17265,6.03,4.06,19.65,0.68,2.77,2.57,1350,0.02,,0.94,0.2
1335,4a3-08-354,184,186,400015.5108,7073366.937,899.1266759,55.190315,30.82263676,25615,5.36,4.45,20.7,0.41,1.83,2.7,1660,0.09,,0.84,0.3
1336,4a3-08-354,186,188,400015.4597,7073366.985,897.1278942,58.114204,26.80641889,21657,5.21,4.06,23.7,0.27,1.84,2.85,1490,0.12,,0.86,0.3
1337,4a3-08-354,188,190,400015.4087,7073367.032,895.1291126,44.38054,26.05057156,20930,6.21,3.41,18.45,0.39,2.26,3.42,2290,0.05,,1.33,0.1
1338,4a3-08-354,190,192,400015.3576,7073367.08,893.1303309,49.5509,31.01123077,25805,5.2,3.74,25.4,0.38,1.97,2.64,1690,0.04,,1.07,0.3
1339,4a3-08-354,192,194,400015.3066,7073367.127,891.1315493,51.749065,22.80200466,17865,6.27,5.17,19.4,0.82,2.69,2.58,1100,0.13,,0.66,1
1340,4a3-08-354,194,196,400015.2555,7073367.175,889.1327676,60.46725,40.16808611,35550,4.55,4.44,27.5,0.56,1.78,2.27,1620,0.16,,0.87,0.3
1341,4a3-08-354,196,198,400015.2045,7073367.223,887.133986,55.99099,35.71854842,30680,5.46,2.61,26.2,0.93,2.01,2.39,1620,0.18,,0.94,0.2
1342,4a3-08-354,198,200,400015.1534,7073367.27,885.1352043,57.72998,32.37728556,27193,4.46,6.77,23.5,0.36,1.66,2.36,1580,0.47,,0.9,0.3
1343,4a3-08-354,200,202,400015.1024,7073367.318,883.1364226,58.976685,56.08795951,55993,4.11,2.96,34.4,0.42,1.46,2.19,1220,0.2,,0.82,0.2
1344,4a3-08-354,202,204,400015.0513,7073367.365,881.137641,58.96811,52.37894582,50680,4.2,2.48,35.6,0.41,1.52,2.25,1220,0.09,,0.82,0.4
1345,4a3-08-354,204,206,400015.0003,7073367.413,879.1388593,60.034508,49.8040143,47223,4.28,3.17,33.5,0.69,1.71,1.68,1020,0.13,,0.61,0.4
1346,4a3-08-354,206,208,400014.9492,7073367.461,877.1400777,61.005596,37.22489983,32298,4.27,6.03,27.5,0.86,2.24,1.54,900,0.05,,0.56,0.5
1347,4a3-08-354,208,210,400014.8982,7073367.508,875.141296,65.98083,40.44541581,35863,2.47,8.9,31.6,0.26,1.83,1.01,680,0.08,,0.35,0.2
1348,4a3-08-354,210,212,400014.8471,7073367.556,873.1425144,61.341705,37.81028804,32935,4.94,3.01,27.7,1.09,2.66,1.6,1020,0.05,,0.64,0.1
1349,4a3-08-354,212,214,400014.7961,7073367.603,871.1437327,60.893307,40.93635576,36420,4.41,2.96,30.1,0.86,2.59,1.45,1140,0.06,,0.66,0.1
1350,4a3-08-354,214,216,400014.745,7073367.651,869.1449511,56.00874,27.75074415,22573,4.53,4.76,25.1,0.59,2.67,1.66,1160,0.11,,0.63,0.1
1351,4a3-08-354,216,218,400014.694,7073367.699,867.1461694,55.398083,26.62810274,21485,5.46,4.21,24.6,0.72,2.56,2.3,1250,0.12,,0.76,0.2
1352,4a3-08-354,218,220,400014.6429,7073367.746,865.1473878,56.545208,39.2256242,34495,5,3.06,30.1,0.68,2.04,2.43,1530,0.09,,0.99,0.2
1353,4a3-08-354,220,222,400014.5919,7073367.794,863.1486061,57.137615,47.47577208,44235,5.19,2.48,30.7,0.85,1.52,2.53,1550,0.11,,0.96,0.4
1354,4a3-08-354,222,224,400014.5408,7073367.841,861.1498245,66.78702,49.43795271,46745,2.86,3.49,43.3,0.27,1.96,1.27,610,0.17,,0.35,0.5
1355,4a3-08-354,224,226,400014.4898,7073367.889,859.1510428,53.586872,29.77346702,24565,6.27,3.25,23.6,0.72,2.77,2.91,860,0.05,,0.6,0.5
1356,4a3-08-354,226,228,400014.4388,7073367.937,857.1522611,51.041183,25.83432732,20723,6.96,2.55,21.6,0.73,2.72,3.22,1110,0.18,,0.78,0.3
1357,4a3-08-354,228,230,400014.3877,7073367.984,855.1534795,54.491436,30.57190786,25363,5.96,2.18,23.7,0.71,2.14,2.87,930,0.12,,0.68,0.3
1358,4a3-08-354,230,232,400014.3367,7073368.032,853.1546978,58.72988,39.97520299,35333,5,2.3,31.9,0.55,1.48,2.65,1080,0.08,,0.8,0.1
1359,4a3-08-354,232,234,400014.2856,7073368.079,851.1559162,59.462505,42.12548373,37785,4.74,2.92,31.4,0.63,2.2,2.15,1120,0.13,,0.7,0.1
1360,4a3-08-354,234,236,400014.2346,7073368.127,849.1571345,55.992634,32.7476966,27573,4.33,6.28,26.6,0.46,1.85,2.01,1040,0.1,,0.64,0.1
1361,4a3-08-354,236,238,400014.1835,7073368.175,847.1583529,52.439373,26.19448063,21068,5.13,4.44,23.6,0.3,1.86,2.95,1730,0.09,,1.1,0.1
1362,4a3-08-354,238,240,400014.1325,7073368.222,845.1595712,55.562553,18.213607,13688,6.35,4.16,17.4,0.86,2.49,3.1,2140,0.06,,1.34,0.1
1363,4a3-08-354,240,242,400014.0814,7073368.27,843.1607896,49.787384,25.11758583,20040,6.58,3.59,22,1.04,2.58,3.04,1860,0.12,,1.15,0.2
1364,4a3-08-354,242,244,400014.0304,7073368.317,841.1620079,55.407173,25.61448235,20513,5.37,5.75,19.8,1.31,2.26,1.92,1630,0.11,,0.81,0.3
1365,4a3-08-354,244,246,400013.9793,7073368.365,839.1632263,52.87134,19.49764283,14840,6.58,5,16.7,1.1,2.78,2.86,2330,0.09,,1.08,0.1
1366,4a3-08-354,246,248,400013.9283,7073368.413,837.1644446,47.775036,16.218871,11923,7.54,4.43,14.2,1.36,2.76,3.37,2280,0.09,,1.18,0.1
1367,4a3-08-354,248,250,400013.8772,7073368.46,835.1656629,52.608124,15.35775302,11170,8.13,2.44,12.55,0.97,2.71,4.36,1640,0.27,,0.99,0.3
1368,4a3-08-354,250,252,400013.8262,7073368.508,833.1668813,46.236454,17.31585068,12890,8.3,1.74,15.6,0.46,3.56,4.01,950,0.09,,0.72,0.3
1369,4a3-08-354,252,254,400013.7751,7073368.555,831.1680996,53.570908,29.47960928,24273,6.19,2.87,22.1,0.97,2.36,2.78,1070,0.1,,0.68,0.3
1370,4a3-08-354,254,256,400013.7241,7073368.603,829.169318,46.99206,36.201039,31195,5.88,2.72,24.5,0.61,1.82,3.16,1720,0.07,,1.15,0.4
1371,4a3-08-354,256,258,400013.673,7073368.651,827.1705363,56.10502,26.222613,21095,6.39,2.17,22.6,1.22,2.63,2.49,840,0.26,,0.65,0.5
1372,4a3-08-354,258,260,400013.622,7073368.698,825.1717547,57.064156,23.31522372,18343,6.63,2.51,20.4,1.36,2.85,2.43,890,0.18,,0.65,0.4
1373,4a3-08-354,260,262,400013.5709,7073368.746,823.172973,63.79444,30.30951253,25100,5.61,3.18,26.7,0.87,2.97,2.14,900,0.09,,0.59,0.2
1374,4a3-08-354,262,264,400013.5199,7073368.794,821.1741914,57.899017,30.04237215,24833,6.23,2.46,24.3,1.5,2.87,2.31,850,0.09,,0.61,0.1
1375,4a3-08-354,264,266,400013.4688,7073368.841,819.1754097,53.238422,26.31424977,21183,5.59,3.32,21.9,0.71,2.56,2.62,1580,0.14,,1,0.2
1376,4a3-08-354,266,268,400013.4178,7073368.889,817.1766281,60.787487,39.8834745,35230,4.36,4.08,29.5,0.43,2.43,2.12,1240,0.08,,0.7,0.2
1377,4a3-08-354,268,270,400013.3667,7073368.936,815.1778464,55.143623,29.20708273,24003,5.08,4.01,25,0.46,2.65,2.62,1480,0.06,,0.9,0.1
1378,4a3-08-354,270,272,400013.3157,7073368.984,813.1790648,62.44942,32.98084731,27813,4.82,4.24,27.1,0.3,2.15,2.6,1160,0.13,,0.68,0.3
1379,4a3-08-354,272,274,400013.2647,7073369.032,811.1802831,49.94122,31.55794862,26358,5.33,4.13,23.3,0.49,1.98,2.94,1550,0.14,,1.05,0.1
1380,4a3-08-354,274,276,400013.2136,7073369.079,809.1815014,54.483498,37.06516995,32125,5.71,3.23,24.6,0.47,1.82,3.27,1480,0.08,,0.98,0.1
1381,4a3-08-354,276,278,400013.1626,7073369.127,807.1827198,53.72531,33.09719241,27933,6,3.18,24.3,0.6,2.37,3.16,1380,0.17,,0.89,0.3
1382,4a3-08-354,278,280,400013.1115,7073369.174,805.1839381,52.200317,34.78120044,29688,6.27,2.1,25.5,1.55,1.98,2.88,1040,0.11,,0.73,0.1
1383,4a3-08-354,280,282,400013.0605,7073369.222,803.1851565,48.520256,27.6398696,22465,6.58,2.37,19.35,0.6,1.39,4.11,1430,0.17,,0.98,0.2
1384,4a3-08-354,282,284,400013.0094,7073369.27,801.1863748,49.495834,28.29304841,23103,6.45,3.04,21.4,0.52,2.35,3.64,1670,0.1,,1,0.2
1385,4a3-08-354,284,286,400012.9584,7073369.317,799.1875932,51.15242,27.02680355,21870,6.15,4.94,20.5,0.58,2.23,3.28,1500,0.06,,1.01,0.1
1386,4a3-08-354,286,288,400012.9073,7073369.365,797.1888115,54.136852,23.00951809,18058,5.81,4.54,19.75,0.69,2.59,2.95,1320,0.16,,0.81,0.1
1387,4a3-08-354,288,290,400012.8563,7073369.412,795.1900299,53.859554,27.85841964,22678,6.02,3.33,19.95,0.69,2.04,3.3,1240,0.22,,0.85,0.1
1388,4a3-08-354,290,292,400012.8052,7073369.46,793.1912482,53.434483,29.61054861,24403,5.64,2.74,23.8,0.51,2.34,2.87,1100,0.27,,0.68,0.1
1389,4a3-08-354,292,294,400012.7542,7073369.508,791.1924666,53.964806,24.71983135,19663,5.47,5.8,20,0.46,2.45,2.67,1080,0.3,,0.65,0.1
1390,4a3-08-354,294,296,400012.7031,7073369.555,789.1936849,52.89119,32.60361426,27425,5.45,2.83,25.4,0.44,1.71,3.16,1290,0.22,,0.82,0.1
1391,4a3-08-354,296,298,400012.6521,7073369.603,787.1949033,54.250797,38.50305142,33695,5.36,2.82,26.4,0.4,1.82,3.15,1530,0.31,,0.87,0.1
1392,4a3-08-354,298,300,400012.601,7073369.65,785.1961216,54.697487,36.69741608,31728,5.11,3.17,26,0.53,2.48,2.6,1340,0.15,,0.75,0.1
1393,4a3-08-354,300,302,400012.55,7073369.698,783.1973399,52.908054,35.41260898,30355,5.7,2.53,26.2,0.64,2.05,3.01,1330,0.13,,0.89,0.1
1394,4a3-08-354,302,304,400012.4989,7073369.746,781.1985583,63.755726,48.51058057,45548,3.93,2.9,34.5,0.3,2.52,2.17,890,0.08,,0.58,0.1
1395,4a3-08-354,306,308,400012.3968,7073369.841,777.200995,51.98404,18.88636965,14290,7.17,2.68,15.65,0.15,2.26,4.58,1050,0.15,,0.73,0.1
1396,4a3-08-354,308,310,400012.3458,7073369.888,775.2022133,51.703064,15.78163404,11540,8.44,2.08,12.65,0.17,2.37,5.19,1340,0.06,,0.9,0.1
1397,4a3-08-354,310,312,400012.2947,7073369.936,773.2034317,53.544468,11.0220588,7456,8.54,3.15,10.2,0.91,2.69,4.58,1420,0.08,,0.93,0.1
1398,4a3-08-354,312,314,400012.2437,7073369.984,771.20465,53.545044,11.66513018,7999,8.29,3.12,10.55,1.06,2.99,4.19,1460,0.16,,0.92,0.1
1399,4a3-08-354,314,316,400012.1926,7073370.031,769.2058684,47.672024,15.69010774,11460,7.97,2.54,12.3,0.65,2.65,4.37,1390,0.07,,0.86,0.1
1502,4a3-08-355,346.594,348,399959.0881,7073517.177,731.841263,39.187805,11.78557746,8101,8.47,3.03,12.3,0.37,2.92,4.61,1770,0.11,,1.16,0.1
1503,4a3-08-355,348,349,399959.198,7073517.05,730.6499706,47.54369,16.8349519,12465,7.35,4.34,14.9,0.23,2.65,3.92,1720,0.52,,1,0.1
1504,4a3-08-355,349,350,399959.2893,7073516.945,729.6597025,47.54369,16.8349519,12465,7.35,4.34,14.9,0.23,2.65,3.92,1720,0.52,,1,0.1
1505,4a3-08-355,350,352,399959.4262,7073516.788,728.1743004,45.890583,18.76372806,14180,7.37,3.05,15.4,0.24,2.29,4.4,1670,0.23,,1.15,0.1
1506,4a3-08-355,352,354,399959.6088,7073516.578,726.1937642,57.03284,31.96118653,26768,5.68,4.11,22.6,0.24,2.12,3.18,1610,0.68,,0.83,0.2
1507,4a3-08-355,354,356,399959.7915,7073516.368,724.2132281,54.32136,33.56585656,28418,6.15,3.6,22.4,0.23,1.29,3.78,1200,0.11,,0.89,0
1508,4a3-08-355,356,358,399959.9741,7073516.157,722.232692,43.89926,39.10867037,34365,6.22,1.82,24,0.38,1.15,3.62,1370,0.07,,1.06,0
1509,4a3-08-355,358,360,399960.1567,7073515.947,720.2521558,44.532116,34.52140008,29415,6.99,2.56,21.8,0.51,1.44,4.07,1700,0.64,,1.13,0.2
1510,4a3-08-355,360,362,399960.3393,7073515.737,718.2716197,43.933796,32.10042675,26910,6.81,2.81,21.9,0.39,2.15,3.94,1640,0.08,,1.14,0.1
1511,4a3-08-355,362,364,399960.5219,7073515.527,716.2910836,43.61095,35.24079107,30173,6.7,2.18,23,0.55,1.6,3.86,1180,0.24,,1.18,0.1
1512,4a3-08-355,364,366,399960.7045,7073515.317,714.3105474,43.53124,25.86255899,20750,7.55,2.58,18,0.57,2.28,4.17,1610,0.23,,1.13,0.2
1513,4a3-08-355,366,368,399960.8871,7073515.107,712.3300113,43.35958,30.73316843,25525,7.56,2.12,20.8,0.42,1.59,4.54,1410,0.21,,1.14,0.1
1514,4a3-08-355,368,370,399961.0697,7073514.897,710.3494751,40.77546,23.47577364,18493,6.99,2.41,18.5,0.58,1.97,3.72,1230,0.22,,1.04,0.1
1590,4a3-08-356,252.451,254,400067,7073493,820.7745,65.899635,17.88252056,13393,8.1,3.46,16.45,0.19,3.24,3.93,780,0.41,,0.49,0.1
1591,4a3-08-356,254,256,400067,7073493,819,58.199768,33.20564267,28045,7.57,2.24,22.7,0.28,3.63,3.01,780,0.16,,0.55,0.3
1592,4a3-08-356,256,258,400067,7073493,817,57.261185,26.56063371,21420,7.25,2.27,22.6,0.31,2.56,3.59,900,0.11,,0.72,0.3
1593,4a3-08-356,258,260,400067,7073493,815,46.13309,21.50612315,16668,7.64,3.23,15.9,0.36,2.75,4.3,1630,0.08,,1.26,0.1
1594,4a3-08-356,260,262,400067,7073493,813,46.25463,19.53089226,14870,7.48,3.6,15.2,0.28,2.7,4.77,2210,0.05,,1.64,0.1
1595,4a3-08-356,262,264,400067,7073493,811,47.610012,27.32401938,22158,6.75,3.34,17.65,0.2,1.86,4.23,1810,0.07,,1.35,0.1
1596,4a3-08-356,264,266,400067,7073493,809,54.259018,31.78437591,26588,7.4,3.77,19.15,0.32,2.27,3.9,1240,0.16,,0.82,0.1
1597,4a3-08-356,266,268,400067,7073493,807,48.123913,25.79771913,20688,8,3.93,15.5,0.28,1.34,4.89,1810,0.06,,1.13,0.1
1598,4a3-08-356,268,270,400067,7073493,805,48.221523,27.61726881,22443,7.83,2.25,18.5,0.34,1.44,4.86,1710,0.17,,1.13,0.1
1599,4a3-08-356,270,272,400067,7073493,803,47.48997,27.13320105,21973,7.9,2.56,18.75,0.21,1.32,4.97,1690,0.06,,1.26,0.1
1600,4a3-08-356,272,274,400067,7073493,801,42.16371,14.9761635,10838,9.42,2.33,12.95,0.64,2.38,5.15,1950,0.19,,1.51,0.1
1601,4a3-08-356,274,276,400067,7073493,799,40.224834,12.43196228,8650,9.33,3.39,11.3,1.14,2.68,4.61,1790,0.31,,1.42,0.1
1602,4a3-08-356,276,278,400067,7073493,797,42.863457,15.18549362,11020,8.94,2.89,13.05,0.81,2.49,4.88,1890,0.17,,1.48,0.1
1603,4a3-08-356,278,280,400067,7073493,795,46.8838,13.6045833,9653,9.64,2.88,13.15,0.97,2.53,5,2040,0.04,,1.55,0.1
1604,4a3-08-356,280,282,400067,7073493,793,44.867695,16.62501801,12280,9.05,2.14,14.95,1.12,2.37,4.4,1870,0.04,,1.42,0.1
1605,4a3-08-356,282,284,400067,7073493,791,45.03207,20.63152172,15868,8.27,1.99,15.55,1.02,1.88,4.52,1750,0.18,,1.34,0.1
1606,4a3-08-356,284,286,400067,7073493,789,41.826263,22.09803835,17213,8,2.15,16.7,1.43,2.05,4.02,1760,0.13,,1.25,0.1
1607,4a3-08-356,286,288,400067,7073493,787,34.920666,11.21542878,7619,8.16,2.34,12.15,0.51,2.49,4.68,2040,0.24,,1.4,0.1
1608,4a3-08-356,288,290,400067,7073493,785,44.409386,13.52309345,9583,8.69,2.25,13.3,0.18,2.25,5.37,2160,0.12,,1.45,0.1
1609,4a3-08-356,290,292,400067,7073493,783,44.38121,15.47245937,11270,8.52,2.68,13.95,0.29,2.02,5.29,2040,0.08,,1.37,0.1
1610,4a3-08-356,292,294,400067,7073493,781,51.81216,21.90506378,17035,9.05,1.13,16.25,1.26,1.92,4.59,840,0.27,,0.62,0.3
1706,4a3-08-357,259.711,260,399968,7073229,834.1445,58.96028,7.44543931,4483,7.1,2.74,17.95,1.23,4.93,0.45,990,0.28,,0.74,0.1
1707,4a3-08-357,260,262,399968,7073229,833,58.342426,24.81492367,19753,5.47,4.1,22,0.89,3.09,1.04,1610,0.17,,0.88,0.2
1708,4a3-08-357,262,264,399968,7073229,831,56.818886,41.99837811,37638,4.64,2.42,32.6,0.35,2.05,1.72,1640,0.11,,1,0.3
1709,4a3-08-357,264,266,399968,7073229,829,49.131134,28.72575172,23528,6.16,2.37,23,0.62,2.26,2.48,2100,0.19,,1.25,0.4
1710,4a3-08-357,266,268,399968,7073229,827,54.97808,22.02977698,17150,5.27,5.42,17.85,0.93,2.41,1.4,1120,0.3,,0.71,0.2
1711,4a3-08-357,268,270,399968,7073229,825,56.917454,26.96477229,21810,5.13,4.33,23.3,0.77,2.66,1.33,1300,0.18,,0.82,0.3
1712,4a3-08-357,270,272,399968,7073229,823,60.962917,25.86255899,20750,4.72,2.44,27.6,1.35,2.36,0.82,910,0.35,,0.62,0.3
1713,4a3-08-357,272,274,399968,7073229,821,65.289185,46.26541617,42728,3.91,2.4,32.9,0.78,1.97,0.86,890,0.33,,0.59,0.8
1714,4a3-08-357,274,276,399968,7073229,819,66.13748,47.90753128,44780,3.51,2.61,35.8,0.72,2.27,0.46,850,0.37,,0.47,0.5
1715,4a3-08-357,276,278,399968,7073229,817,61.49706,43.11189746,38935,3.71,2.27,34.6,0.44,2.12,0.92,1130,0.39,,0.74,1
1716,4a3-08-357,278,280,399968,7073229,815,61.97263,45.76615496,42115,3.49,2.38,32.6,0.47,2.37,0.56,1150,0.37,,0.65,2
1717,4a3-08-357,280,282,399968,7073229,813,63.825806,48.71097817,45805,3.26,2.87,32.4,0.64,2.51,0.24,740,0.53,,0.48,0.3
1718,4a3-08-357,282,284,399968,7073229,811,61.889786,40.94777447,36433,4.78,2.54,29.4,1.4,2.77,0.79,1300,0.28,,0.79,0.2
1719,4a3-08-357,284,286,399968,7073229,809,50.64508,31.41688562,26215,5.07,3.54,23,0.74,2.64,1.46,1880,0.22,,1.09,0.1
1720,4a3-08-357,286,288,399968,7073229,807,63.412918,49.6511468,47023,3.53,2.55,38,0.25,2.11,1.19,1160,0.23,,0.81,0.1
1721,4a3-08-357,288,290,399968,7073229,805,56.59968,36.93104655,31980,4.45,2.97,28.5,0.81,2.81,1.01,1600,0.24,,0.95,0.1
1722,4a3-08-357,290,292,399968,7073229,803,53.141823,21.68239929,16830,6.23,2.8,19.6,1.41,3.89,1.31,2610,0.2,,1.53,0.1
1723,4a3-08-357,292,294,399968,7073229,801,52.324066,30.99139689,25785,5.28,3.62,23.9,0.94,3.11,1.77,2240,0.21,,1.28,0.1
1724,4a3-08-357,294,296,399968,7073229,799,57.164814,28.12964945,22943,4.61,4.25,23,0.69,3.48,1.45,1890,0.37,,0.98,0.2
1725,4a3-08-357,296,298,399968,7073229,797,52.302345,28.61597665,23420,5.64,2.98,22.3,0.37,2.43,2.61,2030,0.19,,1.22,0.2
1726,4a3-08-357,298,300,399968,7073229,795,51.15368,36.63890269,31665,5,2.72,26.9,0.7,2.19,1.74,1910,0.19,,1.05,0.1
1727,4a3-08-357,300,302,399968,7073229,793,60.21866,53.51905967,52268,3.36,2.92,37,0.58,2.18,0.95,1090,0.24,,0.66,0.1
1728,4a3-08-357,302,304,399968,7073229,791,67.72473,73.14288772,91475,0.71,1.47,58.2,0.04,0.78,0.16,90,0.39,,0.04,3
1729,4a3-08-357,304,306,399968,7073229,789,67.30071,67.0094415,75250,1.88,2.13,48.6,0.28,1.4,0.47,630,0.5,,0.34,0.8
1730,4a3-08-357,306,308,399968,7073229,787,61.249996,36.98657307,32040,4.64,2.11,32,0.42,2.31,1.63,1580,0.45,,0.83,0.5
1731,4a3-08-357,308,310,399968,7073229,785,62.54949,38.69338717,33905,4.76,2.68,30.3,0.34,2.27,1.81,1650,0.18,,0.86,0.5
1732,4a3-08-357,310,312,399968,7073229,783,62.880646,40.36577941,35773,4.27,2.64,31.1,0.25,2.27,1.4,1440,0.12,,0.8,0.1
1733,4a3-08-357,312,314,399968,7073229,781,63.417553,51.24761859,49140,3.46,2.13,38.5,0.31,1.76,1.15,1210,0.19,,0.67,0.1
1734,4a3-08-357,314,316,399968,7073229,779,66.133446,64.35613811,69870,2.72,3.07,45.1,0.22,1.48,0.95,790,0.24,,0.45,0.1
1735,4a3-08-357,316,318,399968,7073229,777,64.70612,55.3324797,54875,2.05,2.36,46.4,0.49,1.6,0.29,370,0.24,,0.2,1
1736,4a3-08-357,318,320,399968,7073229,775,66.900375,51.14202836,48998,3.46,2.82,37.8,1.01,2.46,0.27,550,0.31,,0.34,0.3
1737,4a3-08-357,320,322,399968,7073229,773,64.99598,34.71180784,29615,5.68,2.09,27.3,2.25,3.05,0.58,810,0.16,,0.51,0.5
1738,4a3-08-357,322,324,399968,7073229,771,67.366615,35.74673222,30710,5.27,2.12,29.3,1.7,2.74,0.81,730,0.13,,0.45,0.3
1739,4a3-08-357,324,326,399968,7073229,769,58.42836,29.72321341,24515,5.78,2.68,25.6,1.12,2.51,1.55,1020,0.25,,0.61,0.1
1740,4a3-08-357,326,328,399968,7073229,767,58.83777,17.97239839,13473,6.68,2.63,18,1.03,2.77,2.08,1180,0.15,,0.6,0.3
1741,4a3-08-357,328,330,399968,7073229,765,57.58467,26.37148083,21238,6.41,2.27,22.6,1.37,3.12,1.46,940,0.35,,0.55,0.3
1742,4a3-08-357,330,332,399968,7073229,763,58.203236,29.40398541,24198,5.8,2.38,24.8,1.44,2.97,1.09,910,0.24,,0.51,0.2
1743,4a3-08-357,332,334,399968,7073229,761,56.790447,22.60056369,17678,6.2,1.11,20.3,2.13,2.96,0.94,850,0.18,,0.5,0.3
1744,4a3-08-357,334,336,399968,7073229,759,55.410976,34.29999289,29183,5.24,2.59,26.4,1.21,2.27,1.62,1050,0.29,,0.74,0.1
1745,4a3-08-357,336,338,399968,7073229,757,53.835396,32.53831101,27358,6.17,2.97,24.6,0.77,2.26,2.77,1450,0.21,,0.92,0.1
1746,4a3-08-357,338,340,399968,7073229,755,51.457184,34.42126532,29310,6.87,1.54,24.8,0.61,1.55,3.55,1190,0.2,,0.9,0.1
1747,4a3-08-357,340,342,399968,7073229,753,56.396244,26.36835997,21235,6.57,2.49,22,1.2,2.35,2.18,1480,0.43,,0.88,0.1
1748,4a3-08-357,342,344,399968,7073229,751,53.799854,15.42429568,11228,8.34,2.42,14.7,1.38,2.79,3.08,1930,0.25,,1.15,0.2
1749,4a3-08-357,344,346,399968,7073229,749,52.569496,17.03320223,12640,7.69,2.1,16.1,1.17,2.9,3.01,1960,0.41,,1.14,0.2
1750,4a3-08-357,346,348,399968,7073229,747,53.92889,33.97448026,28843,5.51,2.46,25.1,0.29,1.75,2.68,1830,0.14,,1.15,0.1
1812,4a3-08-358,222.921,224,400017.1992,7073135.892,878.663909,47.761208,30.56891892,25360,5.68,3.37,21.1,0.65,2.39,2.84,1320,0.16,,1.32,0.4
1813,4a3-08-358,224,226,400017.2762,7073135.869,877.1265188,43.82657,23.15657939,18195,6.12,4.14,16.35,0.12,1.82,3.71,1780,0.06,,1.56,0
1814,4a3-08-358,226,226.265,400017.3329,7073135.851,875.9955708,46.35315,26.50350936,21365,6.26,3.57,17.95,0.35,1.71,3.73,1860,0.12,,1.59,0.3
1815,4a3-08-358,242.099,244,400018.1796,7073135.593,859.101755,47.886627,22.36309705,17458,6.35,4.05,17.65,0.62,2.49,3.34,1980,0.09,,1.5,0
1816,4a3-08-358,244,246,400018.2772,7073135.563,857.1539281,52.15819,16.51707234,12185,6.95,3.64,13.7,1.13,2.99,2.83,1840,0.11,,1.37,0
1817,4a3-08-358,246,248,400018.3773,7073135.532,855.156669,52.7661,16.25533177,11955,7.19,3.1,13,1.06,2.94,3.2,1790,0.12,,1.49,0.7
1818,4a3-08-358,248,250,400018.4774,7073135.502,853.15941,45.20383,28.29815023,23108,7.12,2.22,18.75,0.86,2.22,3.4,1280,0.06,,1.12,0
1819,4a3-08-358,250,252,400018.5775,7073135.471,851.1621509,61.054684,11.54930185,7901,7.9,2.81,11.75,1.35,3.25,2.57,420,0.06,,0.63,0.2
1820,4a3-08-358,252,254,400018.6776,7073135.44,849.1648918,60.82295,8.360233709,5236,8.33,2.03,11.35,1.51,4.08,2.59,520,0.13,,0.69,0
1821,4a3-08-358,254,256,400018.7777,7073135.41,847.1676327,61.049442,10.38061614,6917,8.14,2.44,12.1,1.46,3.89,2.56,510,0.09,,0.68,0
1822,4a3-08-358,256,258,400018.8778,7073135.379,845.1703737,61.67235,11.75370515,8074,8,2.52,12.25,1.33,3.58,2.76,490,0.08,,0.69,0
1823,4a3-08-358,258,260,400018.9779,7073135.349,843.1731146,59.599968,19.84075764,15150,7.2,1.69,19.3,1.02,3.45,2.28,440,0.1,,0.61,0
1824,4a3-08-358,260,262,400019.078,7073135.318,841.1758555,59.835598,16.107142,11825,7.36,2.3,15.2,1.35,2.96,2.64,510,0.06,,0.67,0
1825,4a3-08-358,262,264,400019.1781,7073135.287,839.1785965,60.14169,14.74226333,10635,8.4,2.98,12.95,1.79,2.78,2.74,570,0.06,,0.68,0
1826,4a3-08-358,264,266,400019.2782,7073135.257,837.1813374,69.1912,56.60185562,56765,1.7,3.44,47.9,0.28,1.76,0.48,1670,0.49,,0.14,0.2
1827,4a3-08-358,266,268,400019.3783,7073135.226,835.1840783,69.732994,73.86830324,94088,0.91,1.03,56.3,0.11,0.97,0.2,260,0.67,,0.08,0.5
1828,4a3-08-358,268,270,400019.4784,7073135.196,833.1868193,69.87989,70.02044606,82303,0.72,1.66,55.2,0.04,1.01,0.17,310,0.44,,0.07,0.2
1829,4a3-08-358,270,272,400019.5785,7073135.165,831.1895602,69.74003,71.53810953,86435,0.95,0.93,57,0.13,0.95,0.21,260,0.56,,0.11,0.3
1830,4a3-08-358,272,274,400019.6786,7073135.134,829.1923011,69.35511,74.22329057,95473,0.43,0.85,61.7,0.04,0.56,0.1,210,0.33,,0.04,0.3
1831,4a3-08-358,274,276,400019.7787,7073135.104,827.1950421,69.732994,74.43462394,96338,0.42,1.19,60.5,0.05,0.53,0.11,130,0.7,,0.04,1
1832,4a3-08-358,276,278,400019.8788,7073135.073,825.197783,69.732994,68.59339138,78805,1.02,1.1,56,0.18,1.01,0.19,320,0.72,,0.12,0.5
1833,4a3-08-358,278,280,400019.9789,7073135.043,823.2005239,69.732994,75.12483635,99430,0.53,1.41,60.8,0.05,0.7,0.13,150,0.63,,0.04,0.5
1834,4a3-08-358,280,282,400020.079,7073135.012,821.2032648,69.73337,76.71463591,110000,0.61,1.31,59.2,0.08,0.5,0.23,460,3.04,,0.09,0.4
1835,4a3-08-358,282,284,400020.1791,7073134.981,819.2060058,58.446594,32.62796888,27450,5.21,1.88,26.3,0.83,2.39,2.03,980,1.76,,0.95,0.5
1836,4a3-08-358,284,286,400020.2792,7073134.951,817.2087467,52.329414,31.43958878,26238,5.05,2.62,23.6,0.31,1.97,2.41,1310,0.92,,1.16,0.4
1837,4a3-08-358,286,288,400020.3793,7073134.92,815.2114876,60.884953,38.84531728,34073,4.77,2.19,27.2,0.67,2.46,1.81,2240,0.31,,0.89,0.2
1838,4a3-08-358,288,290,400020.4794,7073134.89,813.2142286,52.691692,42.07622522,37728,4.9,2.71,27.1,0.28,1.73,2.97,1920,1.2,,1.16,0.2
1839,4a3-08-358,290,292,400020.5795,7073134.859,811.2169695,56.10652,32.01710455,26825,6.39,2.39,20.8,1.19,2.22,3.07,1260,0.55,,0.77,0.6
1840,4a3-08-358,292,294,400020.6796,7073134.828,809.2197104,40.522003,24.07835848,19058,6.89,2.58,17.5,0.81,2.3,3.41,1480,1.48,,1.14,0.5
1841,4a3-08-358,294,296,400020.7797,7073134.798,807.2224514,43.772717,26.68826785,21543,7.23,2.67,18.5,1.13,2.01,3.5,1550,0.61,,1.16,0.5
1842,4a3-08-358,296,298,400020.8798,7073134.767,805.2251923,55.31778,24.92575559,19858,5.94,3.68,17.05,0.8,2.81,2.97,2740,0.15,,0.96,0.3
1843,4a3-08-358,298,300,400020.9799,7073134.736,803.2279332,56.494698,35.05346726,29975,5.38,2.66,26.4,0.7,2.1,2.74,1990,0.67,,0.98,0.2
10166,GD-2,309.713,310,400209.4069,7072611.524,895.1746412,42.117393,1.909544757,28,5.2,13.2,4.16,0.5,1.76,2.09,740,0.06,18.7,0.424,0.3
10261,GD-7,86,88,400272.4316,7073555.963,992.9644531,38.31165,15.44723312,11248,6.33,3.7,12.3,0.78,1.95,3.73,1950,0.31,22.6,1.665,1
10262,GD-7,88,90,400272.9472,7073556.008,991.0326015,45.616035,24.79802468,19737,5.6,3.46,18,0.49,1.93,3.11,1640,0.66,19.1,1.455,1
10263,GD-7,90,92,400273.4629,7073556.053,989.1007498,45.539047,17.68117181,13214,6.44,3.41,14.15,0.72,2.13,3.64,1990,0.6,21.1,1.675,1
10264,GD-7,92,94,400273.9786,7073556.098,987.1688982,43.85157,18.96768787,14363,6.15,3.42,14.2,0.45,1.94,3.77,1840,0.49,21.3,1.595,1
10265,GD-7,94,96,400274.4942,7073556.143,985.2370465,42.893707,22.45274734,17541,5.5,4.11,15.7,0.44,1.67,3.12,1370,0.31,20.7,1.485,1
10266,GD-7,96,98,400275.0099,7073556.188,983.3051949,42.77972,23.33021852,18357,5.78,3.93,15.6,0.54,1.54,3.52,1020,0.03,20.8,1.68,1
10267,GD-7,98,100,400275.5256,7073556.233,981.3733432,40.58078,14.6049452,10516,6.34,4.46,11.6,1.27,2.14,3.41,1630,0.15,19.3,1.845,1
10268,GD-7,100,101.26,400275.9459,7073556.27,979.7988841,39.974476,15.11192328,10956,6.77,3.62,12.65,1.29,1.74,3.69,1340,0.02,20.9,1.595,1
10269,GD-7,101.26,102,400276.2037,7073556.293,978.8329583,39.96963,15.11192328,10956,6.77,3.62,12.65,1.29,1.74,3.69,1340,0.02,20.9,1.595,0.1
10270,GD-7,102,104,400276.5569,7073556.323,977.5096399,46.469887,18.87522575,14280,5.91,3.9,13.8,1.29,2.5,2.75,1430,0.46,20.5,1.18,0.1
10271,GD-7,104,106,400277.0726,7073556.369,975.5777882,45.205585,22.06878866,17186,5.69,3.72,15.95,1.03,2.89,2.72,1550,0.63,19.3,1.37,0.1
10272,GD-7,106,108,400277.5883,7073556.414,973.6459366,41.938408,20.42609988,15681,6.61,3.2,15.9,0.45,3.39,3.33,1790,0.58,19.8,1.51,0.1
10273,GD-7,108,110,400278.1039,7073556.459,971.7140849,39.653248,11.76196908,8081,6.38,3.98,9.59,0.21,2.33,3.97,1760,0.08,22.6,1.45,0.1
10274,GD-7,110,110.5,400278.4262,7073556.487,970.5066777,42.314842,22.06878866,17186,6.51,3.31,14.95,1.2,1.51,3.75,1840,0.31,16.8,1.53,0.1
10275,GD-7,110.5,112,400278.6841,7073556.51,969.5407518,42.293213,22.06878866,17186,6.51,3.31,14.95,1.2,1.51,3.75,1840,0.31,16.8,1.53,0.5
10276,GD-7,112,114,400279.1353,7073556.549,967.8503816,46.308147,20.44918722,15702,6.11,4.2,14.95,0.97,1.93,3.45,1680,0.69,21.2,1.385,0.5
10277,GD-7,114,116,400279.6509,7073556.594,965.91853,44.130867,18.36145374,13820,6.78,3.36,13.35,1.38,1.88,3.68,1900,0.71,21.5,1.585,0.5
10278,GD-7,116,118,400280.1666,7073556.639,963.9866783,37.530193,13.09967258,9220,7.43,2.98,9.61,0.6,1.82,4.64,2100,0.29,23.1,1.735,0.5
10279,GD-7,118,120,400280.6823,7073556.684,962.0548267,37.68804,12.60331978,8796,7.2,3.52,10.05,0.49,1.74,4.53,2020,0.35,22.4,1.7,0.5
10280,GD-7,120,122,400281.1979,7073556.729,960.122975,40.925777,11.52210282,7878,7.14,3.72,10.3,1.32,2.05,3.77,2010,0.29,20.8,1.675,0.5
10281,GD-7,122,124,400281.7136,7073556.775,958.1911234,37.60598,10.94724482,7393,6.92,4.02,9.43,0.53,2.1,4.08,1970,0.31,22.8,1.625,0.5
10282,GD-7,124,126,400282.2293,7073556.82,956.2592717,39.639713,10.83791665,7301,7.21,3.59,9.87,1.61,2.46,3.63,2030,0.4,21.7,1.69,0.5
10283,GD-7,126,127.32,400282.6573,7073556.857,954.6558348,43.23113,10.46647972,6989,7.74,2.49,10.45,1.52,3.93,3.43,1170,0.4,21.5,1.025,0.5
10284,GD-7,127.32,128,400282.9151,7073556.88,953.689909,43.214962,10.46647972,6989,7.74,2.49,10.45,1.52,3.93,3.43,1170,0.4,21.5,1.025,0.3
10285,GD-7,128,129,400283.1317,7073556.899,952.8785313,53.93265,6.470606373,3686,7,1.83,9.12,1.65,4.33,3.32,430,0.09,22.1,0.474,0.3
10286,GD-7,129,130,400283.3895,7073556.921,951.9126055,53.919903,6.470606373,3686,7,1.83,9.12,1.65,4.33,3.32,430,0.09,22.1,0.474,1
10287,GD-7,130,132,400283.7763,7073556.955,950.4637168,56.948578,8.652947967,5478,7.26,2.04,10.7,2.09,4.06,2.89,520,0.61,20.6,0.59,1
10288,GD-7,132,132.6,400284.1115,7073556.984,949.2080132,53.919903,9.867866756,6488,7.03,1.18,9.26,1.89,4.33,3.51,380,0.18,21.7,0.427,1
10289,GD-7,132.6,133.56,400284.3126,7073557.002,948.454591,53.948,9.867866756,6488,7.03,1.18,9.26,1.89,4.33,3.51,380,0.18,21.7,0.427,0
10290,GD-7,133.56,134,400284.4931,7073557.018,947.778443,53.948,9.867866756,6488,7.03,1.18,9.26,1.89,4.33,3.51,380,0.18,21.7,0.427,0.1
10291,GD-7,134,136,400284.8076,7073557.045,946.6000135,36.14954,10.88546172,7341,6.2,3.54,11.45,0.68,4.32,3.12,1930,0.56,20.5,1.355,0.1
10292,GD-7,136,136.65,400285.1492,7073557.075,945.3201617,39.34659,12.67953598,8861,6.06,3.6,10.55,0.16,3.67,3.66,2140,0.19,22.9,1.495,0.1
10293,GD-7,136.65,138,400285.4071,7073557.098,944.3542359,39.293118,12.67953598,8861,6.06,3.6,10.55,0.16,3.67,3.66,2140,0.19,22.9,1.495,0.5
10294,GD-7,138,140,400285.8389,7073557.136,942.7363101,40.5832,14.65342766,10558,6.63,3.68,11.05,1.48,3.1,3.19,2400,0.24,21.7,1.67,0.5
10295,GD-7,140,142,400286.3546,7073557.181,940.8044585,40.535713,12.4777581,8689,6.6,3.95,9.5,1.99,2.61,3.31,2270,0.09,23.1,1.625,0.5
10296,GD-7,142,144,400286.8703,7073557.226,938.8726068,28.120718,10.35198267,6893,6.66,4.52,9.87,0.66,2.26,4.04,2340,0.22,22,1.655,0.5
10297,GD-7,144,146,400287.386,7073557.271,936.9407552,30.237698,8.377184605,5250,6.15,5.87,9.07,0.33,2.34,3.81,2170,0.39,22.7,1.52,0.5
10298,GD-7,146,148,400287.9016,7073557.316,935.0089035,28.6421,10.61660801,7115,6.64,3.76,9.05,0.39,2.3,4.32,2330,0.22,23,1.655,0.5
10299,GD-7,148,150,400288.4173,7073557.361,933.0770519,28.642029,10.17766342,6747,7.21,3.88,9.53,0.79,2.55,4.27,2550,0.13,25.5,1.79,0.5
10300,GD-7,150,152,400288.933,7073557.406,931.1452002,27.98357,10.89734532,7351,6.92,3.36,8.79,0.79,2.49,4.09,2020,0.17,25.3,1.425,0.5
10301,GD-7,152,152.75,400289.2875,7073557.437,929.8170522,29.800932,11.90237611,8200,7.09,3.19,9.91,1.17,2.58,3.79,1940,0.29,24,1.445,0.5
10302,GD-7,152.75,154,400289.5453,7073557.46,928.8511264,29.852259,11.90237611,8200,7.09,3.19,9.91,1.17,2.58,3.79,1940,0.29,24,1.445,0.2
10303,GD-7,154,155.1,400289.8483,7073557.486,927.7161635,34.582474,16.18809874,11896,6.11,4.19,12.8,0.49,2.56,3.46,1640,0.04,22.4,1.3,0.2
