Label,DTT_Mass_Recovery,MS_Actual,Al_pct,Fe_pct,K_pct,P_ppm,Ti_pct
0,4.222867409,1869,7.01,8.45,2.06,2090,1.49
1,10.57849622,7083,6.12,11.6,1.08,1970,1.285
2,10.57849622,7083,6.12,11.6,1.08,1970,1.285
3,10.57849622,7083,6.12,11.6,1.08,1970,1.285
4,4.475737026,2072,6.86,9.66,0.25,2180,1.35
5,3.750836178,1491,6.72,9.44,1.01,2120,1.3
6,4.68591901,2241,6.65,8.18,1.54,2110,1.325
7,3.215783606,1064,6.7,8.68,1.01,2140,1.295
8,5.445740062,2854,6.55,9.65,0.47,1930,1.36
9,8.955888742,5729,6.57,11.9,0.91,2000,1.43
10,8.955888742,5729,6.57,11.9,0.91,2000,1.43
11,5.033479429,2521,6.61,7.87,0.88,2120,1.405
12,9.596958031,6262,6.48,10.1,1.25,2020,1.375
13,8.738708495,5549,7.06,10.15,1,2250,1.485
14,9.636549447,6295,7.25,9.86,1.5,2300,1.555
15,9.38801132,6088,6.95,8.98,1.15,2230,1.475
37,5.627352906,3001,7.33,10.6,1.79,1440,0.99
38,8.282717291,5172,6.35,10.1,1.01,2510,1.41
39,11.78557746,8101,6.83,10.05,1.3,2210,1.34
40,12.89036116,9041,6.23,11.2,1.55,2560,1.42
41,11.01612273,7451,7.27,10.5,1.59,2650,1.63
42,8.356601102,5233,7.16,10.4,1.78,2680,1.69
43,9.854693538,6477,7.23,10.55,1.34,2220,1.36
44,11.02680746,7460,7.32,10.95,1.05,2450,1.49
45,11.06004335,7488,7.2,11.75,1.95,2440,1.53
46,10.17407914,6744,7.29,11.1,1.5,1750,1.26
47,10.15376638,6727,7.34,11.25,1.16,2160,1.42
48,9.42045524,6115,7.16,10.25,1.78,1970,1.42
49,11.26520828,7661,6.94,11.65,1.19,1850,1.32
50,10.32692335,6872,7.09,11.7,1.08,1750,1.24
51,10.03182512,6625,7.05,10.2,1.52,1970,1.39
52,9.822353809,6450,7.26,10.1,1.4,2020,1.46
53,9.890617457,6507,7.22,10.2,1.24,2000,1.32
54,9.890617457,6507,7.22,10.2,1.24,2000,1.32
55,9.694116237,6343,8.11,10.8,1.47,1940,1.35
56,11.55521394,7906,7.29,10.95,1.25,1870,1.26
57,10.07009314,6657,7.39,10.1,1.17,2250,1.41
58,10.74396502,7222,5.05,20.4,1.8,1470,0.95
59,10.74396502,7222,5.05,20.4,1.8,1470,0.95
170,9.374791198,6077,6.17,10.25,0.48,2240,1.38
171,13.8138888,9833,6.93,11.15,2.55,1910,1.28
172,16.64773115,12300,6.24,10.95,1.95,1920,1.27
173,14.68227734,10583,7.4,10.3,2.32,2340,1.53
174,12.21803407,8468,6.65,10.4,2.79,1900,1.27
175,11.90001757,8198,7.12,10.65,3.02,1820,1.29
176,16.24963549,11950,6.55,14.3,1.53,1300,1.09
177,12.36852592,8596,6.94,10.5,2.71,1880,1.4
178,13.2106209,9315,7.36,10.9,3.03,1790,1.26
179,14.64188592,10548,6.77,12.05,1.56,1960,1.3
180,11.63913681,7977,6.81,10.4,1.85,1990,1.26
181,25.64277447,20540,5.53,19.8,0.96,1360,1.01
182,26.72144704,21575,4.18,25.3,1.87,760,0.51
191,11.41561762,7788,6.33,10.25,2.02,2730,1.62
192,11.0196844,7454,6.93,10.15,2.83,2160,1.41
193,7.444220424,4482,5.96,10.45,1.17,1770,1.25
194,9.147444002,5888,6.62,10.05,1.7,1840,1.35
195,9.147444002,5888,6.62,10.05,1.7,1840,1.35
196,8.526020519,5373,6.56,10.6,2.06,1910,1.33
197,9.258157927,5980,6.68,11.7,1.94,1990,1.33
198,10.00072432,6599,6.13,10.8,2.4,1820,1.35
199,10.23022191,6791,6.24,10.35,1.31,1870,1.29
200,6.416591514,3642,6.89,10.6,2.3,680,0.64
201,9.38440596,6085,6.81,10.55,1.56,1990,1.45
202,13.04825339,9176,6.2,12.35,1.92,1770,1.31
203,9.266578119,5987,7.53,10.9,1.46,1630,1.34
204,10.2015562,6767,6.29,10.25,1.75,1210,0.96
205,14.34952533,10295,6.36,11.8,1.66,1830,1.26
206,16.69654998,12343,6.13,13.7,0.87,1880,1.25
207,13.28764416,9381,6.13,11.5,1.61,1910,1.32
208,10.12508429,6703,6.65,10.1,1.97,2150,1.48
209,12.10151825,8369,6.29,11.55,1.36,1910,1.29
210,9.308671243,6022,6.32,10.9,2.1,1980,1.24
211,5.615005593,2991,4.95,15.7,1.86,1380,0.79
213,8.104506448,5025,6.62,10.4,1.45,2570,1.72
214,7.060963275,4168,7.33,10.05,1.44,1720,1.2
215,13.20595134,9311,7.27,11.6,1.09,2350,1.63
216,14.7687864,10658,6.94,11.5,1.13,2360,1.62
217,11.64858954,7985,6.31,11.5,1.3,2180,1.42
218,13.51494159,9576,6.48,11.5,0.6,2330,1.51
219,10.84029431,7303,5.72,10.1,0.73,2090,1.3
220,14.64419436,10550,6.94,12.25,1.88,2200,1.5
221,15.51601983,11308,6.54,11.75,0.35,1580,1.23
222,11.91180982,8208,6.69,11.25,1.29,1740,1.27
223,9.430066761,6123,6.85,10.15,1.35,1850,1.38
224,13.88241933,9892,5.9,12.2,1.01,1560,1.12
225,21.04234061,16243,6.36,16.2,1,1810,1.25
226,13.81969791,9838,6.62,11.75,1.5,1870,1.33
227,13.4671845,9535,6.58,12,1.45,1990,1.46
228,13.01552134,9148,6.72,11,1.23,1830,1.3
229,16.85535843,12483,6.12,12.8,1.24,1400,1.12
230,20.09797281,15383,6.12,14.25,1.14,1660,1.28
231,11.65686012,7992,6.58,10.3,1.09,1510,1.06
232,18.63314044,14063,5.72,14.15,0.7,1490,1.1
233,13.66508481,9705,6.36,11.4,0.91,1490,1.08
234,14.20830127,10173,6.63,11.85,1.38,1700,1.28
235,12.96523799,9105,6.83,12.2,0.67,1410,1.18
236,15.24868325,11075,7.36,11.95,0.86,1480,1.2
237,12.78264922,8949,7.15,10.7,1.02,1520,1.17
238,53.24083353,51877,2.67,43.2,0.84,350,0.18
239,53.24083353,51877,2.67,43.2,0.84,350,0.18
302,14.30323984,10255,6.33,11.1,0.81,2270,1.44
303,12.33679608,8569,6.27,12.8,0.71,1740,1.2
304,16.50343025,12173,6.53,10.15,1.03,1920,1.27
305,13.57315769,9626,6.25,10.1,1.34,1570,1.14
306,12.93482454,9079,6.81,10.3,0.95,1380,1.15
307,15.06822023,10918,6.69,10.75,0.92,1810,1.32
308,16.6170674,12273,6.78,12.45,0.97,1670,1.24
309,15.65004354,11425,6.49,12.55,1.1,1670,1.24
310,15.65004354,11425,6.49,12.55,1.1,1670,1.24
311,13.82202148,9840,6.9,11.3,0.66,1590,1.09
312,14.53565193,10456,6.88,10.3,0.37,2080,1.34
313,37.3004985,32380,3.76,35.1,1.65,610,0.38
371,12.74984941,8921,6.57,10.45,0.7,2270,1.44
372,12.81661163,8978,6.85,10.15,1.13,2380,1.47
373,13.35062864,9435,6.57,10.2,0.66,2350,1.49
374,12.71704125,8893,6.38,10.7,1.13,2540,1.6
375,12.340322,8572,6.45,10.8,0.75,2450,1.6
376,9.957649769,6563,6.69,10.25,0.69,2630,1.68
377,10.66780353,7158,6.67,10.3,0.7,2680,1.8
378,11.51382374,7871,6.85,10.65,1.66,2390,1.49
379,9.667734507,6321,7.01,10.15,1.37,1750,1.26
380,10.01986413,6615,5.7,13.95,0.63,1440,0.97
381,8.367498634,5242,4.73,12.05,1,670,0.44
382,11.80564122,8118,6.95,11.05,0.9,1390,0.92
383,14.74226333,10635,6.73,10.45,0.55,2010,1.34
384,16.57162533,12233,6.56,11.35,0.28,1970,1.3
385,54.23859318,53290,2.69,40.7,0.35,420,0.21
432,13.33663478,9423,6.8,10.7,1.39,2310,1.46
433,12.04498813,8321,6.6,10.2,1.14,2360,1.49
434,12.95120191,9093,6.65,10.5,0.76,2140,1.44
435,15.58133166,11365,6.86,12.65,1.33,2200,1.44
436,16.01585876,11745,6.64,12,0.98,2160,1.42
437,15.33479896,11150,6.99,11.1,0.99,2430,1.53
438,12.74867784,8920,7.17,10.35,1.1,1680,1.24
439,11.46413826,7829,7.2,10.3,1.01,1740,1.29
440,12.35795017,8587,6.69,10.3,0.93,1630,1.23
441,12.23332637,8481,6.82,10.3,1.43,1850,1.3
442,14.52756521,10449,6.59,10.5,0.66,1850,1.3
443,16.76123292,12400,6.48,11.25,0.31,1760,1.27
444,13.42290583,9497,6.94,11.6,0.46,1520,1.1
445,16.45794554,12133,6.64,12.85,0.16,1670,1.17
446,16.97432765,12588,6.64,13.2,0.1,1780,1.21
447,16.56253487,12225,6.37,11.95,0.08,1860,1.22
448,16.56253487,12225,6.37,11.95,0.08,1860,1.22
449,15.40364835,11210,6.55,11.05,0.07,1910,1.28
450,13.96948084,9967,6.96,10.15,0.18,2040,1.38
451,40.25503007,35648,4.34,29.8,0.19,1320,0.76
490,11.42035213,7792,5.99,9.99,1.05,1410,0.88
491,11.34813234,7731,6.31,10.25,1.12,1380,0.88
492,8.952271902,5726,6.53,10,0.46,1690,1.13
493,11.72772937,8052,6.61,10.15,0.83,1620,1.04
494,5.265134674,2708,5.8,10.9,0.14,1710,1.13
495,11.53274659,7887,6.19,10.65,0.23,2460,1.46
496,14.31365556,10264,5.7,11.65,0.34,2150,1.3
497,10.04856872,6639,5.89,10.2,0.23,2080,1.27
498,11.28535179,7678,6.39,10.5,0.32,2280,1.32
499,11.23439462,7635,6.68,10.9,0.46,2330,1.41
500,7.196565999,4279,6.39,10,0.12,2420,1.42
501,9.189574063,5923,5.34,11.5,0.17,1940,1.04
502,9.189574063,5923,5.34,11.5,0.17,1940,1.04
503,15.82508513,11578,5.91,13.85,0.33,2590,1.37
504,15.82508513,11578,5.91,13.85,0.33,2590,1.37
505,16.8780283,12503,6.13,12.15,0.33,2220,1.38
506,13.0330574,9163,6.09,10.7,0.43,2010,1.3
507,9.918152631,6530,6.6,10.2,0.16,2320,1.41
508,12.71938497,8895,5.74,11.35,0.19,2210,1.34
509,17.06715522,12670,5.76,16.8,0.15,2210,1.22
510,15.95077782,11688,5.67,14.2,0.16,2170,1.23
511,15.75875886,11520,5.22,13.3,0.16,2150,1.12
512,15.25787178,11083,6.29,12.05,0.4,2300,1.37
513,13.32497205,9413,6.69,10.8,0.31,2540,1.54
514,10.94962051,7395,6.81,10.25,0.33,2540,1.52
515,17.00829728,12618,5.98,13.5,0.23,2350,1.41
516,15.19123947,11025,5.69,11.3,0.2,1860,1.21
517,15.19123947,11025,5.69,11.3,0.2,1860,1.21
518,7.986785388,4928,6.52,13,0.48,2610,1.53
519,16.16757958,11878,5.92,13.45,0.06,2180,1.32
520,15.14296609,10983,5.69,11.65,0.21,1970,1.22
521,15.14296609,10983,5.69,11.65,0.21,1970,1.22
522,12.75922164,8929,6.36,11.35,0.09,2340,1.45
523,15.86509225,11613,6.23,14,0.05,2310,1.39
524,15.50226556,11296,6.21,13.25,0.08,2210,1.31
525,13.11369241,9232,6.52,11.25,0.1,2340,1.41
526,13.49514205,9559,6.55,11.75,0.18,2430,1.51
527,14.54604836,10465,5.9,12.8,0.13,2290,1.37
528,13.31914029,9408,5.57,12,0.14,2190,1.27
529,17.91061471,13418,5.41,13.45,0.28,2280,1.36
530,18.09811274,13585,5.06,16.15,0.07,1870,1.07
531,13.3797776,9460,5.18,11.45,0.08,1900,1.15
532,9.518940988,6197,5.98,10.25,1.13,1580,0.89
533,11.01137368,7447,5.73,11.1,0.15,2140,1.32
534,10.9662492,7409,5.62,10.6,0.1,2150,1.31
535,10.94249329,7389,6.17,10.4,0.09,2320,1.42
536,14.84947409,10728,6.18,11.25,0.12,2360,1.47
537,14.55297884,10471,6.36,10.15,0.64,1790,1.17
538,14.83449318,10715,7.04,10.5,0.6,1920,1.23
539,14.73995671,10633,7.68,11.35,1.91,2090,1.23
540,12.91844509,9065,7.39,10.15,1.21,2080,1.25
541,13.24330311,9343,6.33,11.15,1.2,1960,1.15
542,12.51180089,8718,6.61,10.3,1.32,1200,0.86
543,20.50523691,15753,6.06,14.25,0.52,1450,0.95
544,16.8780283,12503,6.68,12.2,1.54,1290,0.87
545,16.11626658,11833,6.63,12.15,1.71,1450,0.97
546,15.31184063,11130,7.29,11,1.21,1200,0.81
547,16.79299431,12428,6.65,12.1,1.01,1180,0.74
548,13.05877263,9185,6.85,10.1,1.31,2040,1.3
549,12.31798955,8553,8.01,12.7,1.14,2530,1.55
550,12.11682427,8382,5.98,10.05,1.68,2300,1.47
551,11.52328551,7879,7,10.5,0.64,2350,1.46
552,13.357625,9441,6.76,10.25,1.76,2510,1.56
553,15.20043226,11033,5.79,11.15,1.3,2300,1.41
554,12.25920154,8503,6.66,10.8,0.98,2500,1.57
555,10.49747243,7015,7.07,10.05,1.32,2020,1.33
556,15.16020874,10998,5.51,11.55,0.59,1520,0.98
557,12.12977411,8393,6.23,10.05,0.67,1800,1.25
558,10.84386072,7306,6.32,10.05,0.67,1920,1.29
606,7.020623624,4135,6.81,10.45,0.55,3160,1.415
607,2.780802575,718,6.1,8.45,0.33,1830,1.095
608,2.619561355,590,6.73,8.41,0.26,1560,1.05
609,3.273517343,1110,6.74,7.23,0.89,1470,1.025
610,3.273517343,1110,6.74,7.23,0.89,1470,1.025
611,5.445740062,2854,6.01,9.69,0.57,1800,1.325
612,3.27100765,1108,5.61,8.66,0.78,1800,1.32
613,3.111554794,981,5.79,8.51,0.5,1940,1.405
614,4.673490681,2231,6.55,9.51,1.22,1610,1.06
615,3.284810436,1119,6.31,6.92,1.07,1240,0.92
616,5.033479429,2521,5.54,10.75,0.69,1800,1.32
617,3.328719811,1154,6.99,8.83,1.92,1210,0.894
618,4.282698894,1917,7.01,7.84,2.28,1480,1.085
619,2.729174008,677,6.84,9.72,1.35,1530,1.065
620,4.457067109,2057,6.64,7.82,1.63,1420,1.04
621,4.473247842,2070,7.71,7.7,2.25,1530,1.175
622,3.393932485,1206,7.04,7.77,1.52,1330,0.994
623,2.960732696,861,6.72,11.05,0.82,1750,1.21
624,5.239138494,2687,6.67,9.72,1.43,1770,1.205
625,12.52705855,8731,4.54,18.3,0.73,1510,1.01
626,10.89496869,7349,5.8,20.4,0.82,1950,1.38
627,8.412290529,5279,3.51,16.6,0.39,1140,0.65
628,12.80255931,8966,4.99,22.9,0.38,1800,1.24
629,15.39905958,11206,4.55,21.7,0.49,1590,1.04
630,14.56914847,10485,4.49,22.1,0.68,1380,1.06
631,19.71801813,15039,4.45,26.3,0.76,1820,1.07
632,15.90851377,11651,4.85,21.2,0.58,1600,1.08
633,23.72895364,18730,5.73,17.2,0.44,1560,1.22
646,34.11249487,28987,2.3,40.8,0.42,590,0.35
647,34.11249487,28987,2.3,40.8,0.42,590,0.35
691,24.94790787,19879,6.21,17.65,0.51,1330,1.15
692,24.41813601,19378,4.31,17,0.83,1170,0.65
693,3.698294242,1449,5.93,7.28,0.3,610,0.571
694,3.140444832,1004,7.12,8.26,0.37,1350,0.995
695,2.965762573,865,7.2,8.04,0.93,1620,1.145
696,4.811385379,2342,6.57,9.49,0.8,1260,0.876
697,6.924005783,4056,6.82,12.55,0.8,1670,1.205
698,8.313002338,5197,6.48,17.35,1.16,1540,1.12
699,9.078804237,5831,6.35,19.7,0.78,1440,1.18
700,25.0891498,20013,6.24,19,0.42,1460,1.08
701,16.9981074,12609,4.19,17.7,0.52,1460,0.85
702,23.79295487,18790,6.15,17.25,0.59,2070,1.4
703,11.12530379,7543,5.8,18.6,0.72,1520,1.24
704,45.14573604,41360,2.28,34,0.23,600,0.28
705,45.14573604,41360,2.28,34,0.23,600,0.28
706,41.66699936,37256,2.78,38.1,0.29,490,0.19
707,37.34287612,32426,3.08,33.1,0.42,710,0.21
708,37.34287612,32426,3.08,33.1,0.42,710,0.21
710,12.79553257,8960,2.04,42,0.51,750,0.36
924,4.500626517,2092,8.24,8.41,0.98,1360,0.86
925,3.228336337,1074,2.32,7.46,0.17,400,0.2
926,19.10346275,14485,6.84,14.3,1.19,1130,0.81
927,15.87652046,11623,6.52,12.45,1.23,1710,1.26
928,15.18894116,11023,5.67,11.2,1.05,1400,1
929,16.64546003,12298,6.13,12.95,2.31,1760,1.15
930,8.609443224,5442,7.46,13.65,0.92,1310,0.99
931,7.49784129,4526,7.08,15.7,0.64,1600,1.12
932,4.099387401,1770,7.13,11.15,1.23,1650,1.11
933,4.099387401,1770,7.13,11.15,1.23,1650,1.11
934,9.278606058,5997,8.11,10.95,1.19,1920,1.35
935,9.919349684,6531,8.15,11.1,1.49,1880,1.32
936,9.640148091,6298,7.91,10.75,2.16,1910,1.26
937,13.4508731,9521,8.04,13.2,1.56,1460,0.96
938,12.30623408,8543,8.47,12.35,3.52,1650,0.96
939,16.06493198,11788,7.73,13.35,1.75,1580,1.02
940,23.59869947,18608,6.46,17.15,0.72,1590,0.96
941,12.66898565,8852,6.74,11.2,2.11,1730,1.17
942,15.70384104,11472,6.14,14.2,1.95,1620,0.92
943,14.23956945,10200,6.79,13.4,2.19,1810,1.18
944,26.36315832,21230,6.93,17.25,0.7,1510,1.05
945,12.21332839,8464,7.78,12.2,1.52,1710,1.07
946,28.68510879,23488,6.79,21,1.63,1460,1
947,21.44294393,16610,6.53,17.95,0.34,1730,1.11
948,22.1305289,17243,6.86,16.85,0.53,1500,1.1
949,32.99054859,27823,6.81,20.6,0.52,1500,1.08
950,30.95469297,25748,7.23,19.15,1.15,1580,1.12
951,10.18602638,6754,8.16,10.85,0.96,1910,1.33
952,13.70230218,9737,7.91,12.4,0.95,1840,1.31
953,13.0330574,9163,8.12,12.15,1.19,1890,1.34
954,20.14758288,15428,7.53,16.6,1.41,1580,1.08
955,20.14758288,15428,7.53,16.6,1.41,1580,1.08
956,24.86454868,19800,6.1,20.9,1.33,1370,0.72
957,24.86454868,19800,6.1,20.9,1.33,1370,0.72
958,20.28197271,15550,7.8,17.45,1.54,1320,0.94
959,21.53552193,16695,7.17,16.6,1.34,1300,0.88
960,12.96289875,9103,7.96,11.95,1.45,1330,0.9
961,13.24563723,9345,7.93,11.75,1.24,1370,0.92
962,17.04452096,12650,6.79,13.35,0.78,1460,1
963,17.36665664,12935,7.67,14.15,0.59,1800,1.26
964,9.97918877,6581,7.39,9.78,0.73,1800,1.19
965,11.28179727,7675,7.48,10.3,0.77,1670,1.22
966,27.30856122,22143,7.25,19.35,1.33,1020,0.81
967,23.84412822,18838,7.27,17.4,0.81,1070,0.82
968,14.46054091,10391,7.47,12.25,0.38,1180,0.84
969,14.62226252,10531,7.86,12.1,0.66,1290,0.88
970,11.64858954,7985,7.11,11.65,0.82,1180,0.8
971,19.37564616,14730,4.02,18.05,0.43,770,0.44
972,24.52409263,19478,2.87,29.3,0.36,810,0.18
973,53.79142397,52653,2.08,38.2,0.34,610,0.24
974,54.20365,53240,0.96,54.3,0.11,510,0.07
975,58.84763134,60258,0.85,54,0.09,480,0.05
976,42.74471467,38505,4.88,30.5,1.16,1290,0.86
977,16.11854761,11835,7.11,14.95,2.11,1880,1.35
978,41.58608792,37163,4.08,32.5,1.63,1190,0.84
979,30.77294279,25565,5.15,25,1.6,1320,0.95
980,33.57742058,28430,4.64,26.3,1.3,1050,0.74
981,59.67891741,61605,2.46,44.4,0.49,570,0.31
982,50.48061158,48115,3.03,39.8,0.62,720,0.37
983,57.20141129,57678,1.3,52.9,0.24,430,0.14
984,55.26971808,54783,1.91,46.3,0.41,540,0.24
985,44.42578602,40493,3.55,33.1,0.73,770,0.47
986,40.18850052,35573,3.67,33.4,0.27,760,0.49
987,29.56524384,24358,5.3,20.9,0.6,1010,0.72
988,21.95388138,17080,6.2,15.1,0.97,1460,0.94
989,35.80307103,30770,5.74,24.2,0.49,1360,0.86
990,26.29030722,21160,5.5,19.45,0.46,1600,0.95
991,16.90296022,12525,6.87,13.55,0.71,1650,0.86
992,17.0422573,12648,7.3,12.85,0.94,1500,0.92
993,14.96465161,10828,7.66,11.85,0.82,1570,0.93
994,16.74761834,12388,7.1,13.05,0.87,1470,0.89
995,22.9418242,17995,7.12,17.35,0.9,1530,0.94
996,30.7083008,25500,5.06,22.4,0.61,1600,1
1040,4.101882981,1772,5.51,13,1.22,1350,0.93
1041,4.554124484,2135,6.01,13.6,0.61,1750,1.04
1042,6.474288453,3689,6.18,16.8,0.46,1900,1.04
1043,6.210163129,3474,5.67,19.85,0.34,1360,0.86
1044,11.1086951,7529,3.86,30.4,0.52,1230,0.37
1045,8.570760744,5410,4.3,28.3,0.68,1140,0.27
1046,11.29009098,7682,3.48,28.8,0.73,970,0.21
1047,7.178248982,4264,5.6,20.6,1.04,1320,0.66
1048,7.67074967,4668,5.89,20,0.75,1590,1.02
1049,11.4132503,7786,4.27,29.6,0.64,1550,0.75
1287,7.069518678,4175,6.63,13.5,0.77,2710,1.13
1288,5.528544553,2921,6.41,13.9,0.57,1590,0.89
1289,5.718689891,3075,6.8,14.85,0.79,1550,0.94
1290,7.958857436,4905,6.39,19.85,0.31,1630,0.85
1291,5.197039474,2653,6.65,13.55,0.67,1730,1.08
1292,8.47279693,5329,6.12,17.9,1.05,1810,1.14
1293,8.812347158,5610,6.72,18.25,1.89,1660,1.03
1294,5.903653342,3225,7.67,14.15,2.73,2010,1.28
1295,5.903653342,3225,7.67,14.15,2.73,2010,1.28
1296,8.504249727,5355,7.36,13.45,0.93,1860,1.11
1297,5.632291533,3005,7.44,11.1,1.67,1990,1.23
1298,5.271323547,2713,6.98,12.35,1.29,1740,1.13
1299,11.91770554,8213,6.12,17.85,0.4,2120,1.27
1300,10.21708422,6780,5.31,19.05,0.27,1820,1.18
1301,8.923333723,5702,6.43,15.95,0.17,2480,1.52
1302,17.9387022,13443,6.44,15.75,0.32,2300,1.37
1303,17.58656637,13130,6.88,16.45,0.45,2640,1.59
1304,7.924850578,4877,7.04,13.2,0.47,2590,1.61
1305,8.21364247,5115,6.51,18.5,0.88,2320,1.53
1306,4.774129494,2312,6.78,16.55,1.09,2430,1.56
1307,10.09280961,6676,6.08,22.8,1,1810,1.09
1308,15.05901763,10910,6.68,19.85,1.35,1880,1.09
1309,15.05901763,10910,6.68,19.85,1.35,1880,1.09
1400,4.231594363,1876,8.04,12,0.34,1870,1.19
1401,4.100635197,1771,7.86,13.65,1.49,1830,1.34
1402,9.810374159,6440,7.37,14.95,0.8,2000,1.45
1403,7.140386212,4233,7.79,10.2,0.76,1580,1.21
1404,15.82508513,11578,7.71,14.7,0.66,1640,1.22
1405,16.47727863,12150,7.97,14.8,0.76,2000,1.28
1406,21.02046811,16223,7.58,17.5,0.62,1820,1.21
1407,12.99915218,9134,7.64,12.25,0.89,1940,1.34
1408,18.83398403,14243,7.42,16.35,0.87,1680,1.17
1409,26.32153552,21190,7,19.6,0.67,1680,1.17
1410,19.50872704,14850,7.43,16.9,0.75,1830,1.25
1411,16.35212767,12040,7.62,14.4,0.99,1780,1.23
1412,28.90032199,23700,6.23,24,0.63,1450,0.97
1413,24.55797623,19510,5.12,21.4,0.31,1680,0.86
1414,18.44873041,13898,6.74,16.3,0.82,1820,0.94
1415,27.23845412,22075,6.01,21.3,0.69,1630,0.81
1416,25.13864454,20060,6.24,21.6,0.61,1670,0.85
1417,19.01444795,14405,7.35,16.55,0.8,1950,1.17
1418,21.95713512,17083,7.13,17.95,0.55,1740,1.07
1419,22.71910352,17788,6.95,18.8,0.61,1680,1.03
1420,23.12761234,18168,5.77,19.85,0.43,1560,0.86
1421,16.47727863,12150,5.18,16.4,0.35,1390,0.71
1422,16.27583615,11973,4.75,16.25,0.34,1290,0.57
1423,24.01984928,19003,6.83,18.75,0.58,1850,1.27
1424,17.45466917,13013,7.47,15.25,0.67,1860,1.21
1425,24.35981443,19323,7.13,18.6,0.7,1580,1.07
1426,20.19717137,15473,7.11,16.85,0.64,1670,1.1
1427,13.41008545,9486,7.24,14.55,1.47,2100,1.2
1428,11.6604045,7995,6.31,13.05,0.92,1690,0.96
1429,19.68039597,15005,6.52,21.1,1.21,1510,0.95
1430,25.82073152,20710,6.06,16.65,0.8,1450,0.79
1431,26.47545469,21338,4.94,22,0.59,1400,0.67
1432,12.20391651,8456,7.61,11.6,0.81,1970,1.14
1433,9.058326023,5814,8.2,11.05,1.06,2100,1.21
1434,11.97900527,8265,7.41,12.2,0.87,2000,1.04
1435,5.700180355,3060,4.87,20.8,0.12,1310,0.72
1436,5.617475141,2993,5.3,17.3,0.15,1260,0.8
1437,10.27798445,6831,5.82,19.7,0.21,1230,0.92
1438,6.085915539,3373,5.77,16.45,0.2,1350,0.8
1439,6.089607628,3376,5.35,16.9,0.18,1400,0.86
1440,7.064629941,4171,5.62,17.8,0.2,1250,0.83
1441,13.6685744,9708,5.95,25.8,0.31,1350,0.98
1442,11.71355859,8040,6.55,15.55,0.25,1420,0.93
1443,9.689319943,6339,6.05,19.8,0.17,1500,0.94
1444,7.195344939,4278,6.63,18.05,0.2,1630,0.93
1445,6.770993538,3931,6.56,13.05,0.15,1420,0.9
1446,8.836482348,5630,6.37,15.5,0.19,1460,0.94
1447,9.071576984,5825,7.56,14.35,0.36,1790,1.14
1448,8.714556036,5529,7.06,14.9,0.23,1690,1.06
1449,9.96482982,6569,6.88,14.85,0.25,1730,1.06
1450,19.79433111,15108,6.85,17.4,0.23,1820,1.24
1451,16.69882014,12345,7.65,14.6,0.21,1690,1.14
1452,8.576805601,5415,6.32,11.8,0.16,1610,0.71
1453,11.71710143,8043,6.64,12.95,0.14,1460,0.81
1454,12.63615689,8824,6.62,15.6,0.16,1450,0.92
1455,14.66843032,10571,6.75,14.8,0.13,1490,1.02
1456,13.22229408,9325,6.45,13.3,0.12,1390,0.96
1457,16.03868597,11765,6.91,14.25,0.13,1500,1.03
1458,16.03868597,11765,6.91,14.25,0.13,1500,1.03
1459,18.87522575,14280,6.72,14.15,0.12,1390,0.91
1460,24.63205856,19580,6.44,17.4,0.16,1500,0.98
1461,29.05230607,23850,6.96,20,0.21,1500,1.07
1462,26.67789711,21533,6.88,19.75,0.14,1590,1.07
1463,25.71399425,20608,5.77,18.65,0.08,1280,0.83
1464,26.36627934,21233,5.61,19.85,0.08,1300,0.77
1465,26.9078766,21755,5.63,18.7,0.23,1220,0.81
1466,19.04561089,14433,7.06,16.2,0.25,1550,1.07
1467,22.73525805,17803,6.74,18.4,0.29,1630,0.98
1468,23.0148888,18063,7.24,15.35,0.37,1530,0.99
1469,20.3458073,15608,6.75,14.9,0.21,1500,0.91
1470,19.02001337,14410,7.59,14.95,0.38,1650,1.09
1471,26.70589565,21560,7.15,17.5,0.34,1570,0.99
1472,25.48864559,20393,6.79,18.55,0.2,1400,0.91
1473,23.1437061,18183,7.43,16.6,0.24,1650,1.07
1474,23.78229066,18780,7.38,17.05,0.26,1590,1.11
1475,28.5427242,23348,5.87,20.5,0.24,1410,0.79
1476,27.25186076,22088,7.2,18.2,0.39,2070,1.03
1477,31.1301445,25925,7.17,19.2,0.66,1610,1.01
1478,36.94955965,32000,6.35,21.9,0.57,1540,0.8
1479,37.48918157,32585,5.13,24.2,0.38,1570,0.72
1480,14.2106177,10175,2.83,11,0.11,670,0.31
1481,14.2106177,10175,2.83,11,0.11,670,0.31
1482,14.94968456,10815,3.68,13.8,0.07,650,0.39
1483,13.77786636,9802,5.09,12.05,0.15,940,0.64
1484,22.5466393,17628,6.15,16.1,0.18,1210,0.87
1485,23.86224622,18855,6.8,16.8,0.19,1480,0.96
1486,23.87823014,18870,6.98,17.1,0.17,1790,1.1
1487,25.70352385,20598,6.57,18.65,0.31,1700,1
1488,27.2693898,22105,5.92,20.5,0.37,1980,1.04
1489,24.04857601,19030,6.45,17.7,0.42,2130,1.23
1490,30.27353793,25064,5.26,20.3,0.44,1660,0.77
1491,16.78959171,12425,8.05,14.1,0.97,2240,1.28
1492,26.20698486,21080,6.65,20.7,0.39,1830,1.13
1493,40.67675463,36125,6.37,25.9,0.39,1630,1.41
1494,28.93884731,23738,6.38,20.3,0.28,1760,1.1
1495,28.1347598,22948,7.3,20.4,0.18,1530,1.1
1496,20.2269141,15500,6.63,15.15,0.18,1760,1.31
1497,27.96085845,22778,5.28,20.3,0.21,1130,0.61
1498,20.30398869,15570,6.4,15.85,0.24,1590,0.89
1499,17.08752241,12688,5.63,14.3,0.08,1380,0.81
1500,26.09230523,20970,6.19,17.45,0.44,1320,0.95
1501,11.78557746,8101,8.47,12.3,0.37,1770,1.16
1611,5.314638201,2748,6.78,18.6,1.56,2080,1.2
1612,7.520989374,4545,6.21,19.4,0.86,1920,1.21
1613,7.386920795,4435,5.52,27.5,1.23,1310,0.83
1614,9.106505152,5854,7.07,13.6,2.7,1750,1.04
1615,5.94800888,3261,7.41,12.8,2.72,1750,1.03
1616,4.960312981,2462,7.98,16.15,1.44,1950,1.03
1617,3.987042186,1680,7.08,14.85,1.08,2580,1.49
1618,3.217038927,1065,6.68,14.9,1.09,2810,1.51
1619,2.749323874,693,6.99,13.15,1.2,2600,1.49
1620,2.749323874,693,6.99,13.15,1.2,2600,1.49
1621,2.057637106,145,7.52,11.4,0.78,2580,1.48
1622,2.244758558,293,7.38,11.3,0.76,2620,1.51
1623,2.880231478,797,6.89,10.35,0.86,2400,1.37
1624,2.12087993,195,5.59,8.57,0.52,1860,1.15
1625,2.134789775,206,5.83,8.84,0.82,2020,1.23
1626,3.782102212,1516,6.59,11.6,0.91,1930,1.26
1627,3.257203573,1097,6.89,10.8,0.86,2380,1.46
1628,2.799686597,733,7.25,10.55,1.07,2370,1.54
1629,2.546441427,532,6.52,10.55,0.78,2110,1.33
1630,8.275447888,5166,6.4,13.6,0.74,2290,1.42
1631,13.59527282,9645,6.98,14.6,1.09,2640,1.66
1632,12.417868,8638,6.92,13.45,0.85,2590,1.59
1633,10.61422634,7113,6.92,11.55,0.74,2530,1.53
1634,11.94246467,8234,7.41,12.85,1.47,2800,1.69
1635,8.990846588,5758,6.76,13.85,1.43,2520,1.63
1636,3.888356892,1601,7.09,14.6,1.35,2720,1.75
1637,8.391712281,5262,6.97,13.55,1.11,2560,1.64
1638,11.08377815,7508,7.31,12.2,1.22,2960,1.79
1639,12.03556405,8313,7.25,12.25,1.33,2750,1.73
1640,9.839123528,6464,7.01,12.3,1.27,2660,1.71
1641,7.029181489,4142,6.72,11.15,1,2670,1.65
1642,5.684136816,3047,6.46,15.2,0.93,2300,1.46
1643,6.287609031,3537,7.05,13.9,0.54,1940,1.35
1644,3.749585398,1490,6.49,11.3,1.69,1990,1.33
1645,2.851290688,774,5.72,11.6,1.04,1750,1.17
1646,6.272860693,3525,5.86,12,0.74,1880,1.24
1647,8.245154579,5141,6.96,11.75,0.87,2350,1.52
1648,7.239296378,4314,7.42,11.1,1.87,2620,1.67
1649,4.429680227,2035,6.99,10.75,1.86,2400,1.55
1650,4.237827583,1881,6.25,15.2,1.41,1870,1.27
1651,4.833734306,2360,5.45,17.85,1.25,1510,1
1652,25.67943787,20575,3.28,34.3,0.36,810,0.38
1844,4.089404656,1762,5.67,6.59,1.28,1780,1.19
1845,4.23658096,1880,6.41,7.26,1.06,1950,1.365
1846,4.384854198,1999,6.17,7.21,0.97,1860,1.29
1847,3.808360531,1537,6.7,7.22,1.33,1750,1.245
1848,3.808360531,1537,6.7,7.22,1.33,1750,1.245
1849,4.038232381,1721,7.12,7.85,1.96,1670,1.095
1850,4.043225587,1725,7.19,7.78,1.88,1660,1.04
1851,4.043225587,1725,7.19,7.78,1.88,1660,1.04
1852,5.739664467,3092,6.85,6.78,1.42,1580,0.988
1853,3.566857134,1344,6.94,7.61,1.49,1590,1.05
1854,4.153032966,1813,5.86,8.85,1.41,2220,1.47
1855,4.153032966,1813,5.86,8.85,1.41,2220,1.47
1856,4.792758636,2327,5.79,8.83,1.02,2140,1.39
1857,4.792758636,2327,5.79,8.83,1.02,2140,1.39
1858,3.703299046,1453,5.67,7.04,0.85,1930,1.305
1859,3.703299046,1453,5.67,7.04,0.85,1930,1.305
1860,4.89951942,2413,6.41,7.17,0.91,2050,1.39
1861,6.619040822,3807,6.83,8.2,1.03,2190,1.485
1862,6.585932613,3780,5.97,8.67,0.68,2020,1.315
1863,7.485656542,4516,6.56,10.5,0.71,2300,1.515
1864,11.59422703,7939,6.87,11.65,1.01,2350,1.52
1865,9.2401129,5965,6.95,10.35,0.89,2450,1.535
1866,9.141424356,5883,6.92,10.05,0.9,2460,1.55
1867,9.199201958,5931,7.05,10.15,1.15,2510,1.535
1868,7.562402658,4579,6.21,9.23,1.24,2160,1.345
1869,8.977587771,5747,6.41,9.19,1.02,2260,1.48
1870,6.367469188,3602,7.55,11.2,1.23,2770,1.795
1871,6.914217988,4048,6.15,10.7,0.72,2360,1.495
1872,9.018565402,5781,6.28,13.15,0.8,2410,1.58
1873,9.09927937,5848,5.87,12.45,0.6,2290,1.47
1874,5.886400235,3211,6.56,10.7,0.98,2160,1.435
1875,6.329387655,3571,6.4,9.22,0.77,1930,1.315
1876,4.232841028,1877,6.31,8.23,0.98,2030,1.37
1877,5.538428458,2929,7.03,7.85,1.56,2120,1.495
1878,9.790006308,6423,6.96,9.45,1.17,2120,1.5
1879,7.882330254,4842,7.09,10.35,1.27,2260,1.57
1880,4.973956998,2473,5.95,9.3,0.94,1920,1.33
1881,4.155527629,1815,5.87,8.61,0.94,1850,1.29
1882,3.412738476,1221,6.79,8.85,0.92,1670,1.235
1883,7.581886998,4595,6.14,11.5,1.15,1580,1.12
1884,5.535957546,2927,6.56,10.8,1.2,1800,1.26
1885,2.75310167,696,5.96,10.5,0.79,1730,1.2
1886,2.032332515,125,5.82,9.48,0.83,1740,1.21
1887,1.944998943,56,5.58,9.21,0.94,1580,1.11
1888,2.051311358,140,5.77,8.96,0.88,1510,1.075
1889,2.163869827,229,5.52,9.08,0.8,1600,1.12
1890,3.116579553,985,6.13,8.91,0.94,1570,1.16
1891,3.528029421,1313,5.06,8.96,0.71,1510,1.02
1892,3.528029421,1313,5.06,8.96,0.71,1510,1.02
1893,3.153003959,1014,5.42,9.59,0.72,1390,1.045
1894,3.444076465,1246,5.27,8.23,0.95,1170,0.969
1895,2.450574827,456,5.47,8.42,0.77,1340,1
1896,2.114556847,190,6.23,8.71,0.81,1430,1.15
1897,2.023474901,118,5.99,9.12,0.85,1410,1.06
1898,2.027271085,121,6.28,9.71,0.99,1600,1.215
1899,2.16513405,230,6.29,10.1,0.94,1660,1.22
1900,1.927272894,42,6.31,9.31,1.06,1750,1.285
1901,2.238440698,288,5.97,7.69,0.7,1680,1.19
1902,8.644489794,5471,4.31,13.8,0.44,1130,0.801
1903,14.6049452,10516,5.41,16.2,0.65,1340,0.986
1904,18.43195148,13883,5.89,16.05,0.76,1660,1.16
1905,9.230487904,5957,6.2,11.2,0.93,1620,1.195
1906,2.946899657,850,6.31,11,0.53,1620,1.305
1907,2.714059819,665,6.28,10.5,0.34,1750,1.34
1908,3.980798253,1675,6.43,9.8,0.46,1730,1.325
1909,2.823602916,752,6.58,8.69,0.63,1750,1.37
1910,2.023474901,118,6.45,8.32,0.66,1720,1.34
1911,3.983295858,1677,6.8,9.4,0.73,1700,1.415
1912,6.087146246,3374,6.39,10.25,0.52,1630,1.33
1913,6.087146246,3374,6.39,10.25,0.52,1630,1.33
1914,5.997276609,3301,6.53,11.2,0.58,1710,1.37
1915,8.288774833,5177,6.36,10.5,0.67,1670,1.33
1916,5.907350165,3228,6.11,10.4,0.42,1600,1.275
1917,5.907350165,3228,6.11,10.4,0.42,1600,1.275
1918,3.504226728,1294,5.57,8.8,0.28,1580,1.185
1919,4.249046706,1890,5.32,10.5,0.32,1500,1.135
1920,2.137318699,208,5.85,7.88,0.18,1790,1.23
1921,2.027271085,121,5.99,7.19,0.09,1810,1.255
1922,2.216957982,271,5.87,7.48,0.11,1750,1.22
1923,3.745832994,1487,6.9,10.15,0.27,2050,1.41
1924,3.745832994,1487,6.9,10.15,0.27,2050,1.41
1925,16.4260961,12105,5.45,21.8,0.34,1320,0.927
1938,2.675007724,634,7.15,8.65,1.57,2560,1.665
1939,2.649807387,614,7,8.33,1.35,2530,1.605
1940,2.844998466,769,6.97,8.4,1.52,2630,1.64
1941,4.335031297,1959,6.69,8.02,1.09,2610,1.675
1942,4.335031297,1959,6.69,8.02,1.09,2610,1.675
1943,5.871610194,3199,6.18,9.31,0.37,2390,1.58
1944,8.975176938,5745,6.69,12.1,0.47,1580,1.07
1945,8.975176938,5745,6.69,12.1,0.47,1580,1.07
1946,7.233192838,4309,5.88,12.9,1.52,2000,1.28
1947,4.425945252,2032,6.54,11.25,0.84,2470,1.665
1948,4.870974841,2390,6.54,11.8,1.06,2470,1.68
1949,4.870974841,2390,6.54,11.8,1.06,2470,1.68
1950,9.92772876,6538,5.97,15.85,0.43,2140,1.435
1951,9.92772876,6538,5.97,15.85,0.43,2140,1.435
1952,5.210661094,2664,6.75,10.4,1.17,2250,1.52
1953,4.571538173,2149,7.06,11.1,0.78,2230,1.55
1954,6.985164044,4106,6.78,12.85,0.55,2140,1.49
1955,6.985164044,4106,6.78,12.85,0.55,2140,1.49
1956,6.985164044,4106,6.78,12.85,0.55,2140,1.49
1957,5.73472955,3088,7.14,10.9,1.54,2370,1.605
1958,6.275318856,3527,6.5,10.8,1.59,2160,1.435
1959,6.890969241,4029,7.01,9.57,2.02,2260,1.585
1960,5.535957546,2927,6.86,8.35,1.95,2120,1.46
1961,5.535957546,2927,6.86,8.35,1.95,2120,1.46
1962,6.306042296,3552,6.66,8.76,0.82,1370,0.979
1963,6.306042296,3552,6.66,8.76,0.82,1370,0.979
1964,8.690399314,5509,6.25,9.2,0.59,1950,1.325
1965,10.917545,7368,6.88,9.4,2.03,2000,1.4
1966,11.52683349,7882,6.17,9.56,1.01,1900,1.29
1967,11.52683349,7882,6.17,9.56,1.01,1900,1.29
1968,9.157074882,5896,6.74,9.52,2.7,1990,1.405
1969,7.42959297,4470,6.75,8.51,1.24,1690,1.24
1970,7.42959297,4470,6.75,8.51,1.24,1690,1.24
1971,7.42959297,4470,6.75,8.51,1.24,1690,1.24
1972,11.38365523,7761,6.6,10.2,0.69,1600,1.18
1973,20.0339991,15325,6.44,13.7,0.9,1780,1.32
1974,20.0339991,15325,6.44,13.7,0.9,1780,1.32
1975,10.99950031,7437,6.35,10.7,1.27,1830,1.37
1976,18.31443174,13778,6.74,14.1,0.93,1890,1.395
1977,12.14625385,8407,6.46,10.4,1.42,1850,1.39
1978,12.14625385,8407,6.46,10.4,1.42,1850,1.39
1979,9.55855527,6230,6.48,9.24,1.12,1930,1.425
1980,11.0196844,7454,6.53,9.8,1.02,1930,1.44
1981,11.41088294,7784,6.48,9.83,0.78,1900,1.42
2007,6.398172641,3627,6.74,9.57,1.49,1970,1.475
2008,5.711286365,3069,6.72,8.73,1.66,1960,1.42
2009,5.070668476,2551,7.09,8.27,2.46,2070,1.495
2010,6.167119346,3439,6.71,8.89,1.42,1970,1.47
2011,4.420965137,2028,7,8.18,0.8,2070,1.54
2012,6.282693089,3533,6.94,8.57,1.51,2080,1.57
2013,6.067453652,3358,6.59,9,0.69,1790,1.285
2014,6.067453652,3358,6.59,9,0.69,1790,1.285
2015,9.654541707,6310,6.97,11.6,0.39,2080,1.455
2016,7.473470728,4506,6.58,9.28,1.09,1960,1.47
2017,7.473470728,4506,6.58,9.28,1.09,1960,1.47
2018,7.024291344,4138,7.01,10.2,0.41,2140,1.47
2019,7.024291344,4138,7.01,10.2,0.41,2140,1.47
2020,6.903205904,4039,7.14,10.4,0.52,2120,1.46
2021,6.903205904,4039,7.14,10.4,0.52,2120,1.46
2022,6.322015852,3565,6.78,9.42,1.6,2120,1.485
2023,5.047116527,2532,6.87,9.99,1.99,2250,1.495
2024,5.047116527,2532,6.87,9.99,1.99,2250,1.495
2025,5.047116527,2532,6.87,9.99,1.99,2250,1.495
2026,3.865862329,1583,7.32,10.3,1.42,2280,1.555
2027,4.347488622,1969,6.97,9.78,1.39,2130,1.47
2028,4.347488622,1969,6.97,9.78,1.39,2130,1.47
2029,2.519958128,511,7.09,9.34,1.23,2110,1.49
2030,4.41598485,2024,6.96,9.29,2,2120,1.45
2031,2.374847177,396,6.69,9.84,2.05,2110,1.375
2032,2.374847177,396,6.69,9.84,2.05,2110,1.375
2036,6.254423111,3510,7.42,10.1,1.63,2500,1.665
2037,4.499382144,2091,6.97,9.15,1.88,2340,1.555
2038,5.057033606,2540,6.98,9.21,1.89,2340,1.545
2039,4.797726002,2331,7.13,9.21,2.45,2390,1.595
2040,3.990788418,1683,7.42,9.35,1.76,2430,1.64
2041,4.756740131,2298,7.36,9.55,1.58,2410,1.62
2042,4.08191715,1756,7.23,9.61,2.05,2500,1.65
2043,4.126836432,1792,6.16,7.87,1.14,1910,1.295
2044,4.126836432,1792,6.16,7.87,1.14,1910,1.295
2045,4.875939521,2394,6.13,7.37,1.24,1150,0.707
2046,5.078105134,2557,6.45,7.02,1.44,1130,0.659
2047,5.078105134,2557,6.45,7.02,1.44,1130,0.659
2048,5.147495438,2613,6.7,7.5,1.13,1100,0.67
2049,5.576722148,2960,6.2,9.1,0.64,1390,0.949
2050,5.576722148,2960,6.2,9.1,0.64,1390,0.949
2051,7.981928757,4924,6.89,11.8,0.29,2000,1.4
2052,5.786537673,3130,6.82,9.4,1.89,2100,1.465
2053,4.780339474,2317,7.26,9.15,2.84,2120,1.465
2054,3.832114008,1556,7.32,9.35,2.57,2020,1.43
2055,7.77779628,4756,6.83,9.77,1.11,1710,1.24
2056,7.77779628,4756,6.83,9.77,1.11,1710,1.24
2057,7.77779628,4756,6.83,9.77,1.11,1710,1.24
2058,8.755612679,5563,6.85,11.85,0.54,1950,1.475
2059,7.935782265,4886,6.83,11.3,1.78,2040,1.485
2060,7.935782265,4886,6.83,11.3,1.78,2040,1.485
2061,6.862820873,4006,6.38,9.71,2.24,1770,1.34
2062,4.51431392,2103,6.9,9.75,2.54,1880,1.465
2063,4.34250582,1965,6.42,9.39,2.36,1850,1.345
2064,3.611934525,1380,7.08,8.91,2.77,2010,1.495
2065,3.598162344,1369,6.89,9.99,1.52,2000,1.495
2066,5.192085838,2649,6.54,9.93,0.92,1960,1.395
2067,5.192085838,2649,6.54,9.93,0.92,1960,1.395
2068,8.202732754,5106,7.13,10.7,2.15,1760,1.235
2069,8.202732754,5106,7.13,10.7,2.15,1760,1.235
2070,6.423958392,3648,7.19,10.15,2.47,2040,1.435
2071,5.521131176,2915,6.5,9.29,0.77,2070,1.345
2072,5.521131176,2915,6.5,9.29,0.77,2070,1.345
2073,4.155527629,1815,6.82,9.02,1.02,2070,1.365
2074,3.633216268,1397,6.96,8.89,1.53,2160,1.43
2075,3.561847682,1340,7.03,9.68,0.82,2120,1.435
2076,3.604422586,1374,6.98,9.45,0.73,2180,1.445
2077,2.697684381,652,6.64,8.95,0.31,2140,1.415
2078,2.697684381,652,6.64,8.95,0.31,2140,1.415
2079,4.093148266,1765,6.97,8.63,1.55,2200,1.475
2080,4.053211487,1733,6.86,8.64,1.06,2190,1.47
2084,15.91194113,11654,6.9,13.8,0.27,2130,1.34
2085,15.42544266,11229,6.31,14.7,0.22,2000,1.34
2086,12.12035617,8385,6.71,12.15,0.28,2170,1.42
2087,10.00909832,6606,7.25,10.3,1.2,2360,1.56
2088,10.00909832,6606,7.25,10.3,1.2,2360,1.56
2089,16.07291878,11795,6.69,10.45,0.85,2180,1.58
2090,16.07291878,11795,6.69,10.45,0.85,2180,1.58
2091,16.07291878,11795,6.69,10.45,0.85,2180,1.58
2092,9.195591578,5928,7.04,10.2,0.49,2370,1.32
2093,8.799070986,5599,6.13,14.05,0.44,2030,1.28
2094,62.42294761,66296,1.7,50.7,0.37,340,0.2
2095,62.42294761,66296,1.7,50.7,0.37,340,0.2
2339,2.032332515,125,5.63,10.25,0.08,2170,1.235
2340,2.106968795,184,5.78,8.54,0.16,1870,1.04
2341,2.106968795,184,6.57,9.22,0.15,2210,1.33
2342,4.308867446,1938,5.73,11.95,0.13,2130,1.285
2343,8.889564755,5674,6.75,11.15,0.57,2550,1.54
2344,5.592777743,2973,7.24,9.42,0.68,2710,1.59
2345,3.899602878,1610,6.63,7.17,0.25,2200,1.24
2346,5.945545046,3259,7.08,10.4,0.87,2270,1.38
2347,5.256469803,2701,7.16,10.1,1.03,2240,1.37
2348,7.087849927,4190,6.96,10.5,1.58,2260,1.435
2349,8.18697275,5093,7.35,11,1.89,2300,1.49
2350,8.761649381,5568,7.12,10.05,1.22,2100,1.47
2351,12.78147794,8948,6.86,12.7,0.71,1750,1.1
2352,12.36500076,8593,6.63,13.65,0.78,1740,1.1
2353,9.586158358,6253,6.38,10.6,0.28,1890,1.175
2354,4.973956998,2473,6.43,9.38,0.19,1990,1.135
2355,7.319838135,4380,7.01,10.8,1.13,2070,1.32
2356,7.811839253,4784,6.27,11.3,1.12,1680,1.01
2357,4.673490681,2231,5.5,14.55,0.67,1270,0.857
2358,11.99079038,8275,6.5,13.1,0.47,1710,1.175
2359,15.3520149,11165,6.64,13.2,1.01,1870,1.155
2360,14.82296818,10705,6.64,14.3,0.57,1880,1.4
2361,11.62377467,7964,6.69,12.65,0.68,1930,1.455
2362,10.17049476,6741,7.33,11.1,1.28,2060,1.61
2363,10.73087787,7211,7.26,11.8,1.37,2010,1.565
2364,11.69229954,8022,7.07,12.55,0.8,2040,1.585
2365,12.70883791,8886,7.48,12.9,1.21,2190,1.665
2366,10.80581408,7274,6.69,12.6,0.57,1760,1.205
2367,11.25691301,7654,7.19,11.5,0.76,2120,1.475
2368,9.377194953,6079,6.51,9.85,1.38,2010,1.26
2369,9.377194953,6079,6.51,9.85,1.38,2010,1.26
2370,8.90162606,5684,6.99,9.42,1.29,2230,1.4
2371,8.570760744,5410,7.29,9.2,1.55,2350,1.47
2461,2.424074515,435,6.81,6.09,1.93,1930,1.315
2462,2.182832041,244,6.61,7.93,1.66,1900,1.27
2463,2.667448071,628,6.66,8.07,1.7,1910,1.28
2464,2.716578957,667,7.18,10.85,2.21,1510,1.02
2465,2.301607302,338,6.91,7.88,2.59,1570,1.185
2466,4.833734306,2360,6.63,11.85,1.6,1820,1.295
2467,4.1792248,1834,7.27,11.3,0.29,2030,1.535
2468,12.56108835,8760,7.06,12.9,0.52,2000,1.42
2469,5.892562299,3216,6.97,13.35,0.27,1970,1.395
2470,6.282693089,3533,6.04,13.85,1.43,1840,1.13
2471,9.601757609,6266,6.09,12.45,1.12,1840,1.195
2472,18.24386349,13715,2.61,25.2,0.82,810,0.453
2473,9.34113416,6049,3.82,18.45,1.17,1110,0.723
2474,5.453157341,2860,6.78,14.6,1.95,2060,1.365
2475,10.60112641,7102,6.35,13.5,1.06,2020,1.24
2476,16.07291878,11795,6.11,18.8,0.81,1980,1.15
2477,3.444076465,1246,6.28,17.7,0.67,2190,1.23
2478,3.444076465,1246,6.28,17.7,0.67,2190,1.23
2479,11.5989551,7943,3.17,39.5,1.2,800,0.4
2480,11.5989551,7943,3.17,39.5,1.2,800,0.4
2594,8.935392044,5712,6.3,11.45,0.58,1850,1.42
2595,10.1394261,6715,6.39,10.65,1.01,1920,1.455
2596,9.815166147,6444,6,12.05,1.09,1700,1.225
2597,10.75348214,7230,6.41,12.4,1.16,2030,1.38
2598,8.932980465,5710,6.84,10.95,1.39,2160,1.455
2599,6.806507218,3960,6.74,8.41,1.6,2140,1.455
2600,3.943329061,1645,6.9,8.58,0.71,2170,1.51
2601,5.517424344,2912,6.72,8.86,0.93,2110,1.485
2602,7.769284231,4749,7.36,8.71,2.19,2390,1.52
2603,13.36228903,9445,6.58,17.9,1.08,2050,1.27
2604,13.36228903,9445,6.58,17.9,1.08,2050,1.27
2605,57.13552297,57577,2.5,47.4,0.95,330,0.14
2865,6.647237982,3830,6.3,10.6,1.79,2080,1.36
2866,7.686568571,4681,6.42,8.56,1.64,2110,1.4
2867,7.289335357,4355,6.22,8.99,1.11,2090,1.34
2868,19.2857298,14649,4.67,22.5,0.79,1470,0.83
3218,1.995633284,96,4.58,8.22,0.18,1360,0.88
3219,7.643975119,4646,3.83,11.1,0.18,1120,0.74
3220,7.643975119,4646,3.83,11.1,0.18,1120,0.74
3221,1.962722902,70,1.41,44.1,0.32,350,0.11
3222,7.701169034,4693,3.88,28.2,0.41,1150,0.69
3223,7.701169034,4693,3.88,28.2,0.41,1150,0.69
3224,8.535695318,5381,5.46,15.25,0.6,1700,1.03
3225,8.535695318,5381,5.46,15.25,0.6,1700,1.03
3226,9.962436512,6567,6.08,14.9,0.95,1860,1.22
3227,7.474689357,4507,5.14,16.2,0.96,1520,1
3228,13.21995953,9323,6.35,14.1,1.2,1930,1.27
3229,7.161150935,4250,5.72,14.6,0.71,1750,1.15
3233,8.320269759,5203,6.54,11.35,1.68,2110,1.31
3234,9.267780961,5988,6.29,12.8,0.84,1890,1.13
3235,9.267780961,5988,6.29,12.8,0.84,1890,1.13
3236,11.90001757,8198,5.96,12.8,1.17,1750,1.1
3237,11.90001757,8198,5.96,12.8,1.17,1750,1.1
3238,5.635995391,3008,5.65,10.35,1.05,1630,1.09
3239,6.791812989,3948,6.62,11.1,0.61,1860,1.25
3240,6.791812989,3948,6.62,11.1,0.61,1860,1.25
3241,10.72611859,7207,6.49,14.25,0.36,1900,1.24
3242,8.365077035,5240,5.04,12.4,0.21,1460,0.86
3243,8.365077035,5240,5.04,12.4,0.21,1460,0.86
3244,6.030522684,3328,5.78,10.55,0.42,1840,1.07
3245,6.228606467,3489,6.76,10.25,0.58,2100,1.3
3246,8.356601102,5233,6.66,10.95,1.34,2100,1.26
3247,6.2052445,3470,6.46,10.45,1.07,2040,1.22
3248,6.888521781,4027,6.51,10.35,1.26,2040,1.2
3249,6.473061104,3688,6.32,10.05,0.79,1990,1.19
3250,6.403084575,3631,6.1,12.3,0.52,1910,1.1
3251,7.324717961,4384,6.14,12.05,0.89,1930,1.13
3252,4.731894559,2278,5.8,10.95,1.34,1850,1.09
3253,9.229284732,5956,5.72,13.2,1.29,1720,1.04
3254,4.009518137,1698,6.66,11,2.7,1890,1.445
3255,6.900758656,4037,6.66,11.65,2.68,1960,1.465
3256,11.59422703,7939,6.28,15.85,1.64,1610,1.065
3257,14.38769801,10328,6.06,15.75,1.45,1630,1.125
3258,9.875051604,6494,6.26,15.3,1.33,1860,1.25
3259,7.417402253,4460,6.23,12.6,1.75,1920,1.285
3260,5.879005407,3205,6.49,12.2,1.57,1980,1.325
3261,5.812434682,3151,6.67,11.25,2.3,2030,1.365
3262,5.876540379,3203,6.79,12.7,2.25,2090,1.42
3263,4.890832537,2406,6.55,12.2,1.57,2050,1.395
3264,5.986192857,3292,6.89,11.35,3.14,2110,1.36
3265,23.53458184,18548,5.34,27.3,1.39,1520,0.91
3266,7.417402253,4460,2.8,47.7,1.26,470,0.18
3363,2.074082804,158,5.93,14.55,1.58,1720,1.145
3364,2.052576529,141,6.82,13.6,1.62,2170,1.485
3365,2.052576529,141,6.82,13.6,1.62,2170,1.485
3366,7.559966923,4577,6.75,10.65,1.26,2140,1.47
3367,10.98168825,7422,6.63,10.25,1.21,2090,1.445
3368,8.374763176,5248,6.41,9.78,1.28,2110,1.4
3369,7.180691389,4266,6.62,7.95,1.1,2160,1.41
3370,9.092053204,5842,6.19,9.12,1.1,2050,1.37
3530,19.39672753,14749,6.24,14.4,1.45,1890,1.38
3531,13.43339428,9506,6.69,11.55,1.4,2000,1.45
3532,9.881038683,6499,7.27,9.54,1.72,2220,1.61
3533,10.33169691,6876,6.88,9.78,1.4,2240,1.61
3534,10.33169691,6876,6.88,9.78,1.4,2240,1.61
3535,13.43339428,9506,4.27,26.7,1.21,1300,0.91
3580,8.102080222,5023,7.88,9.24,1.13,2260,1.32
3581,7.61354323,4621,7.07,8.83,0.9,2180,1.38
3582,8.169998423,5079,7.18,9.41,0.88,2170,1.3
3656,12.64788241,8834,1,48.6,0.08,150,0.06
3716,10.42951746,6958,6.79,10.85,0.85,2170,1.41
3717,6.50496872,3714,6.58,9.81,0.7,2140,1.36
3718,8.059614371,4988,6.55,11.4,0.9,2050,1.35
3719,8.4812657,5336,6.06,12.6,1.03,1970,1.26
3829,2.213166594,268,5.43,12.8,0.9,1610,0.919
3830,5.236662422,2685,5.88,15.5,1.21,1550,0.911
3831,8.432865696,5296,5.83,15.2,0.35,1520,0.891
3832,9.066758602,5821,5.78,14.6,0.83,1240,0.872
3833,8.518763972,5367,4.99,15.45,1.07,1630,0.939
3834,11.44047189,7809,5.67,15.25,0.83,1870,1.08
3835,19.27018161,14635,5.81,17,0.23,1970,1.165
3836,7.661014067,4660,6.16,12.2,0.86,1900,1.165
3837,16.30316996,11997,6.18,15.2,1.08,1780,0.98
3838,9.871459228,6491,6.16,12.05,0.5,1720,1.05
3839,17.42195414,12984,6.43,14.55,0.19,2050,1.22
3840,6.819975579,3971,3.5,8.06,0.07,1190,0.73
3841,2.743027334,688,4.56,13.1,0.36,1520,0.88
3842,2.36222217,386,4.97,13.05,1.2,1650,0.97
3843,8.687983407,5507,5.35,12.55,0.2,1790,1.08
3844,8.97638236,5746,5.84,12.65,0.31,1870,1.14
3845,8.146958495,5060,5.88,13.9,0.28,1890,1.2
3846,5.329485934,2760,5.57,12.25,0.32,1810,1.13
3847,3.957068879,1656,6.4,9.14,0.22,2260,1.34
3848,3.99203714,1684,7.27,7.45,1.24,1780,1.03
3849,3.518007704,1305,6.21,7.69,0.17,1760,1.04
3850,4.100635197,1771,7.61,5.61,0.66,1070,0.63
3851,9.445684028,6136,7.02,10.45,0.21,2200,1.39
3852,5.988655988,3294,7.37,9.45,0.49,2260,1.5
3853,8.190609834,5096,7.2,10.15,1.26,2240,1.5
3854,8.360233709,5236,6.94,10.3,0.49,1870,1.3
3855,8.360233709,5236,6.94,10.3,0.49,1870,1.3
3856,8.190609834,5096,6.82,9.84,0.7,2010,1.37
3857,9.506934369,6187,6.88,11.05,0.99,1910,1.3
3858,10.4140141,6945,7.1,11.75,1.08,2000,1.31
3859,7.301537268,4365,5.43,18.15,0.84,1910,1.01
3925,9.08241772,5834,7.57,9.86,1.32,2350,1.5
3926,8.548997052,5392,7.52,9.79,1.29,2340,1.48
3927,11.13953814,7555,7.11,11.95,1.48,2280,1.43
3928,4.504359573,2095,4.28,32.9,2.19,1030,0.61
4000,7.653711916,4654,7.17,8.59,0.94,2200,1.45
4001,8.169998423,5079,7,8.79,0.51,2180,1.46
4002,16.09573533,11815,5.05,21.6,1.14,1480,0.9
4076,6.350272345,3588,6.48,10.45,0.59,2100,1.43
4077,5.52607347,2919,6.51,11.55,0.36,2100,1.4
4153,16.11854761,11835,6.84,9.95,0.64,2120,1.4
4154,14.58647075,10500,7.01,9.17,0.45,2200,1.46
4155,69.36722103,80662,4.73,28.2,0.51,1420,0.83
4156,54.45881769,53606,3.12,38.9,1.14,350,0.19
4223,12.31798955,8553,7.33,11.7,1.61,2240,1.47
4224,11.16800225,7579,7.33,11.35,1.6,2240,1.48
4225,11.03867838,7470,7.21,12.9,1.28,2210,1.45
4226,11.03867838,7470,7.21,12.9,1.28,2210,1.45
4227,10.55467081,7063,6.3,17.1,1.4,1910,1.23
4228,10.55467081,7063,6.3,17.1,1.4,1910,1.23
4229,18.6387241,14068,1.85,47,1.04,340,0.14
4267,8.306945862,5192,7.63,8.55,1.94,2050,1.41
4268,9.332718594,6042,7.35,9.57,1.68,1710,1.38
4269,11.2213559,7624,6.5,10.85,0.81,1640,1.29
4270,11.63913681,7977,6.85,10.55,1.24,1940,1.48
4271,10.66423239,7155,7.07,11.5,1.01,1920,1.44
4272,13.57432174,9627,6.64,13,0.76,1780,1.37
4273,9.896603844,6512,7.18,9.85,1.22,1870,1.44
4274,9.714498586,6360,7.02,10.7,1.21,1940,1.49
4275,11.02918173,7462,6.94,10.65,1.19,1980,1.49
4276,20.03841223,15329,6.19,16.4,0.66,1710,1.14
4277,24.06134094,19042,6.13,17.4,0.81,1810,1.22
4278,23.13190424,18172,6.2,19.1,0.9,1920,1.26
4279,10.16929994,6740,6.83,10.15,1,2060,1.46
4280,8.396554499,5266,6.99,9.18,1.06,2090,1.42
4281,9.396423453,6095,7.22,9.21,0.88,2120,1.5
4282,10.80819232,7276,3.61,25.5,0.64,1010,0.61
4335,8.168785891,5078,7.04,13.3,0.8,2660,1.585
4336,7.164814978,4253,7.28,12.65,1.08,2720,1.715
4337,7.828857606,4798,6.94,12.9,1.88,2800,1.66
4338,10.00790206,6605,6.18,13.55,0.91,2360,1.515
4339,10.08444083,6669,5.9,12.1,0.57,2350,1.52
4340,9.714498586,6360,5.6,11.3,1.14,2180,1.44
4341,8.826828783,5622,5.72,9.14,1.53,2200,1.47
4342,9.194388096,5927,6.23,10.1,1.65,2400,1.62
4343,6.149898176,3425,5.82,11.5,0.47,2390,1.475
4344,6.599422081,3791,6.55,12,0.94,2110,1.275
4345,10.99950031,7437,6.85,11.85,0.93,2250,1.47
4346,9.712100822,6358,6.95,9.64,1.01,2290,1.59
4347,8.650531399,5476,6.84,8.83,1.14,2130,1.5
4348,7.689002088,4683,6.66,8.63,1.06,2070,1.465
4349,7.819133089,4790,6.6,8.56,0.95,2150,1.43
4350,7.92849457,4880,7.04,8.91,1.27,2290,1.515
4351,7.635454862,4639,7.17,8.95,1.64,2290,1.535
4352,6.064991886,3356,6.16,10.05,1.18,1970,1.3
4353,8.526020519,5373,6.86,9.37,1.46,2180,1.48
4354,7.057296514,4165,7.14,8.97,1.72,2210,1.485
4355,6.701164661,3874,7.26,8.97,1.55,2180,1.56
4356,6.039140768,3335,7.18,8.96,1.25,2290,1.555
4357,8.356601102,5233,7.2,9.55,1.52,2330,1.57
4358,7.625716785,4631,7.37,8.88,1.74,2390,1.61
4359,7.319838135,4380,7.46,9.33,1.5,2430,1.68
4360,8.718179177,5532,7.04,8.98,1.12,2290,1.58
4361,8.154234677,5066,6.92,8.59,1.25,2330,1.6
4362,9.219658969,5948,6.39,10.75,1.6,1500,1.015
4363,9.879841289,6498,6.88,11.1,0.67,1540,1.14
4364,6.388348261,3619,6.75,10.1,0.62,1760,1.18
4365,6.439918644,3661,6.95,9.67,1.13,1810,1.23
4366,7.024291344,4138,6.22,10.55,0.48,1870,1.265
4367,5.935689283,3251,7.34,8.9,1.24,2070,1.425
4368,9.205219046,5936,5.37,12.45,1.35,1530,1.07
4369,8.935392044,5712,6.31,9.45,1.04,1560,1.075
4370,11.44757225,7815,6.58,10.7,0.85,1680,1.29
4371,13.05059107,9178,6.43,10.4,0.72,1780,1.33
4372,11.98371944,8269,6.53,9.47,0.86,1770,1.335
4373,9.744467031,6385,6.82,9.51,0.78,1770,1.34
4374,8.258484456,5152,6.91,8.41,1.01,1850,1.415
4375,7.958857436,4905,7,8.02,1.25,1840,1.43
4376,9.589758345,6256,7.54,9.15,1.35,1930,1.475
4377,8.894389405,5678,7.4,9.09,1.13,2070,1.51
4378,13.51494159,9576,6.23,11.2,0.88,1830,1.25
4379,12.56108835,8760,5.6,12.15,0.64,1520,1.05
4380,8.588894516,5425,6.08,10.25,0.23,1670,1.06
4381,10.55467081,7063,7.01,10.95,0.32,2060,1.32
4382,7.238075691,4313,6.56,9.14,0.98,2030,1.35
4383,8.535695318,5381,6.92,8.31,0.93,2090,1.39
4384,6.302355835,3549,6.78,7.29,0.92,2000,1.31
4385,6.302355835,3549,6.78,7.29,0.92,2000,1.31
4386,6.302355835,3549,6.78,7.29,0.92,2000,1.31
4387,8.137256321,5052,7.78,8.44,1.12,2340,1.48
4388,7.457627576,4493,6.53,13.15,1.17,1950,1.27
4389,46.98796178,43624,3.25,36,0.54,820,0.5
4390,46.98796178,43624,3.25,36,0.54,820,0.5
4450,4.307621431,1937,6.73,9.16,1.36,1970,1.43
4451,4.307621431,1937,6.73,9.16,1.36,1970,1.43
4452,5.138823479,2606,6.52,9.28,0.84,1930,1.37
4453,5.275036744,2716,6.77,9.43,0.74,2050,1.45
4454,2.388733452,407,5.92,7.47,0.56,1790,1.25
4455,2.388733452,407,5.92,7.47,0.56,1790,1.25
4456,2.479593585,479,5.54,8.87,0.58,1610,1.15
4457,2.479593585,479,5.54,8.87,0.58,1610,1.15
4490,5.450684957,2858,6.7,10.55,0.91,2040,1.28
4491,5.450684957,2858,6.7,10.55,0.91,2040,1.28
4492,10.54156502,7052,7,10.3,1.26,2310,1.45
4493,9.418052253,6113,7.28,8.99,1.86,2390,1.485
4494,9.586158358,6253,7.02,9.32,1.45,2320,1.46
4495,8.150596634,5063,6.58,8.93,1.33,2140,1.31
4496,6.692586797,3867,6.47,9.39,1.12,2220,1.43
4497,9.096870691,5846,6.22,11.2,1.18,2120,1.25
4562,3.803359309,1533,7.08,10.45,0.62,2020,1.355
4563,4.709529899,2260,6.88,10.4,1.14,2290,1.565
4564,3.621949847,1388,7.1,9.49,1.23,2400,1.69
4565,7.488093577,4518,7.37,10.35,1.48,2450,1.72
4566,4.048218622,1729,7.32,9.96,1.45,2360,1.7
4567,8.331170169,5212,6.51,13.55,1.3,2230,1.53
4568,5.732262027,3086,6.27,12.85,1.73,1940,1.345
4569,14.32869897,10277,6.72,13.75,1.03,1790,1.33
4570,14.07039708,10054,7.12,13.05,1.12,1960,1.39
4571,13.45669884,9526,7.16,12.5,1.15,1980,1.42
4572,13.62203862,9668,7.27,12.1,1.1,1960,1.39
4573,14.89095028,10764,6.93,13.85,1.47,1700,1.31
4574,20.12663904,15409,6.17,18.65,1.12,1650,1.21
4575,19.21907999,14589,6,19.5,1.1,1670,1.19
4576,12.69594588,8875,6.45,14.25,1.33,1760,1.38
4577,10.36510711,6904,6.9,11.65,0.99,1820,1.43
4578,14.04720509,10034,6.44,14.5,0.9,1680,1.29
4579,12.91025458,9058,6.64,13.95,0.83,1770,1.38
4580,15.70384104,11472,6.52,14.95,0.44,1850,1.34
4581,11.1893463,7597,4.74,24.7,0.73,1320,0.83
4666,9.40603668,6103,6.84,11.9,0.86,2350,1.53
4667,10.73087787,7211,6.63,12.65,0.95,2360,1.51
4668,11.1098815,7530,6.48,13.75,1.07,2290,1.47
4669,8.444967296,5306,6.08,13.45,0.94,2260,1.44
4670,14.1874515,10155,5.71,16.9,0.91,2160,1.33
4671,10.79392227,7264,5.41,17.75,1.06,1330,0.87
4672,20.63152172,15868,5.44,19.8,1.03,1710,1.04
4673,21.11121111,16306,5.75,19.8,0.91,1970,1.16
4674,27.29000825,22125,5.11,25.4,0.9,1780,1.02
4675,24.95845492,19889,5.6,24.6,1.01,2010,1.22
4676,22.94074935,17994,6.06,23.7,1.3,2190,1.37
4677,16.21089376,11916,6.08,20.2,1.17,2070,1.28
4678,31.70666664,26509,4.32,31.6,0.72,1330,0.82
4679,20.36781092,15628,5.17,26.7,1.66,1650,0.94
4680,10.05335222,6643,5.66,21.6,1.24,1750,1.08
4681,8.332381272,5213,6.09,16,1.71,1540,1.05
4682,4.834975811,2361,5.83,16.55,1.51,1520,1.02
4683,2.685086664,642,6.66,13.9,1.34,2070,1.38
4684,3.486685438,1280,7.1,13.15,1.27,2310,1.52
4685,3.387663288,1201,6.59,12.6,1.2,1950,1.3
4686,7.724283294,4712,6.91,8.44,0.73,2120,1.48
4687,8.417132022,5283,6.58,8.81,0.44,2010,1.42
4688,4.820077039,2349,6.41,8.76,0.33,1970,1.4
4689,31.85808898,26663,2.29,37.9,0.29,540,0.32
4690,31.85808898,26663,2.29,37.9,0.29,540,0.32
4754,5.580427445,2963,6.17,10.5,1.56,2050,1.32
4755,7.102513198,4202,6.11,12.1,1.42,2000,1.29
4756,7.413744829,4457,6.01,11.25,1.86,1990,1.3
4757,8.54174172,5386,6.29,12.75,2.05,2120,1.365
4758,5.597717563,2977,5.88,10.6,1.38,1920,1.21
4759,6.172039296,3443,5.93,11.05,1.02,1940,1.25
4760,6.396944631,3626,6.24,11.05,1.12,2220,1.43
4761,5.899956423,3222,6.07,10.45,1.5,2190,1.42
4762,6.1597391,3433,6.29,9.2,1.37,2210,1.435
4763,4.026997044,1712,6.1,9.62,1.17,2050,1.345
4764,4.914410006,2425,6.32,8.94,1.49,2210,1.415
4765,5.130150996,2599,6.8,8.66,2.11,2360,1.55
4766,5.817366913,3155,6.71,8.51,1.68,2210,1.56
4767,8.10329334,5024,6.67,8.94,1.64,2270,1.52
4768,4.373645533,1990,6.42,8.36,1.03,1770,1.2
4769,11.30193824,7692,6.53,12,0.82,1810,1.22
4770,16.73513695,12377,6.5,14.15,0.84,2040,1.33
4771,12.21803407,8468,7.24,10.9,1.13,2230,1.515
4772,9.008924715,5773,7.47,9.08,1.27,2290,1.59
4773,6.94235606,4071,7.12,8.84,0.88,2160,1.55
4774,8.32874793,5210,6.96,11.45,1.04,2190,1.435
4775,7.828857606,4798,7.18,10.35,1.17,2240,1.475
4776,5.86667984,3195,6.33,9.34,0.9,1970,1.295
4777,5.687839331,3050,6.52,11.65,1.18,2010,1.315
4778,4.688404548,2243,7.19,9.79,1.24,2200,1.485
4779,5.000001084,2494,7.5,9.21,1.2,2240,1.57
4780,5.876540379,3203,7.21,8.64,1.33,2170,1.535
4781,4.580244234,2156,7.06,8.33,1.14,2180,1.49
4782,5.656982108,3025,6.99,8.14,1.31,2150,1.46
4783,7.200229114,4282,7.31,8.26,1.5,2240,1.515
4784,7.663448031,4662,7.2,8.13,1.25,2190,1.53
4785,7.457627576,4493,7.36,8.12,1.1,2190,1.57
4786,7.324717961,4384,7.33,7.57,1.07,2240,1.565
4787,7.263707875,4334,6.78,7.43,1.2,1980,1.385
4788,6.686459431,3862,6.38,7.81,1.48,1460,1.045
4789,7.401552726,4447,6.75,7.63,0.95,1650,1.18
4790,7.549005591,4568,7.14,8.64,0.99,1840,1.305
4791,7.747393706,4731,7.74,8.81,1.73,1850,1.33
4792,9.252143184,5975,7.53,9.15,1.54,1840,1.365
4793,8.088735219,5012,7.03,9.26,1.27,1620,1.245
4794,9.682125181,6333,6.74,10.05,1.03,1680,1.305
4795,13.41707855,9492,6.13,12.1,0.93,1590,1.22
4796,12.56108835,8760,6.44,12.3,0.99,1610,1.225
4797,10.25768745,6814,7.05,10.45,1.14,1620,1.305
4798,9.343538511,6051,7.26,10.45,1.11,1620,1.31
4799,9.539349795,6214,7.14,10.85,0.83,1680,1.295
4800,9.154667226,5894,6.95,10.7,0.67,1640,1.29
4801,8.161510476,5072,6.89,10,0.9,1640,1.295
4802,9.870261748,6490,6.81,10.05,0.98,1660,1.305
4803,9.985171212,6586,6.25,9.59,0.75,1470,1.12
4804,9.622153912,6283,6.09,10.1,0.42,1420,1.05
4805,9.857088765,6479,6.84,10.2,0.57,1780,1.24
4806,11.47242047,7836,6.88,10.4,0.77,1780,1.225
4807,20.43379618,15688,5.72,17.6,0.47,1720,1.11
4808,20.43379618,15688,5.72,17.6,0.47,1720,1.11
4809,12.03202985,8310,6.66,11.2,0.57,2100,1.41
4810,10.34720983,6889,6.24,12.6,0.37,1950,1.23
4811,7.503933264,4531,6.95,12.05,0.4,2220,1.47
4812,7.503933264,4531,6.95,12.05,0.4,2220,1.47
4813,6.066222774,3357,6.58,10.15,0.25,2130,1.43
4814,3.308648574,1138,6.29,10.7,0.23,1890,1.28
4815,3.308648574,1138,6.29,10.7,0.23,1890,1.28
4816,18.90754014,14309,3.97,28.1,0.92,400,0.18
4900,3.842114321,1564,6.46,11.55,0.82,2320,1.44
4901,7.169700219,4257,6.54,12.8,0.69,2250,1.395
4902,4.525511744,2112,6.61,12.85,1.2,2300,1.44
4903,5.637229989,3009,6.47,11,0.8,2280,1.45
4904,6.675429502,3853,6.7,9.22,1.2,2420,1.54
4905,6.621492973,3809,4.94,7.55,0.61,1800,1.155
4906,3.598162344,1369,6.5,9.46,1.32,2350,1.515
4907,3.920842941,1627,5.56,8.17,0.76,2020,1.31
4908,5.727326854,3082,6.98,10.25,1.25,2490,1.61
4909,6.121601718,3402,6.83,9.49,2.16,2400,1.59
4910,6.39571661,3625,7.03,9.5,3.04,2560,1.61
4911,6.770993538,3931,6.78,10.05,3.47,2510,1.59
4912,7.623282159,4629,6.32,12.85,1.69,2400,1.54
4913,8.755612679,5563,6.35,12.8,1.34,2530,1.61
4914,4.678462141,2235,6.56,10.85,0.55,1700,1.13
4915,8.077815621,5003,6.07,11,0.65,1810,1.2
4916,7.553877401,4572,6.36,12.35,0.35,1820,1.145
4917,10.17288435,6743,7.09,11.8,0.99,2250,1.44
4918,7.394236952,4441,6.98,11.85,1.07,2240,1.36
4919,8.037769705,4970,7.24,10.95,1.18,2510,1.54
4920,7.747393706,4731,8,10.65,1.61,2660,1.69
4921,7.289335357,4355,6.97,9.61,1.5,2330,1.51
4922,7.902984614,4859,6.42,9.89,1.3,2120,1.385
4923,8.017135461,4953,6.38,8.88,1.55,2120,1.375
4924,8.024418487,4959,7.33,10.45,1.74,2370,1.55
4925,7.837365999,4805,7.45,10.5,1.63,2420,1.615
4926,5.168553738,2630,7.16,10.45,1.57,2340,1.56
4927,4.764192971,2304,7.21,10.25,1.39,2380,1.57
4928,4.574025672,2151,6.55,9.33,1.24,2180,1.46
4929,4.928058361,2436,5.99,9.94,1.49,1990,1.285
4930,5.935689283,3251,7.38,9.97,1.39,2410,1.63
4931,6.334301976,3575,6.57,12.15,1.51,2180,1.52
4932,9.131792367,5875,6.96,11.55,1.42,2240,1.595
4933,8.945037933,5720,5.92,12.6,0.7,1580,1.105
4934,8.98120394,5750,5.94,12.05,0.48,1650,1.13
4935,8.898007781,5681,6.15,11.85,0.68,1760,1.165
4936,11.12886252,7546,6.27,11.95,1.03,1720,1.165
4937,9.461299493,6149,5.71,11.25,0.7,1630,1.13
4938,5.656982108,3025,6.19,9.71,0.78,1690,1.215
4939,4.854838453,2377,6.35,8.56,0.85,1570,1.165
4940,6.195406731,3462,6.38,9.91,0.49,1500,1.15
4941,8.629988852,5459,6.14,10.85,0.27,1620,1.2
4942,9.141424356,5883,6.14,10.65,0.18,1700,1.27
4943,9.124567929,5869,6.25,10.6,0.21,1800,1.33
4944,6.837115263,3985,6.49,9.11,0.54,1820,1.355
4945,9.232894217,5959,7.08,9.8,0.67,1880,1.375
4946,9.989956975,6590,6.8,10.65,0.81,1820,1.355
4947,10.59874447,7100,6.89,10.35,0.66,1850,1.37
4948,9.106505152,5854,6.85,9.02,0.55,1870,1.38
4949,12.95354136,9095,6.65,10.8,0.58,1760,1.26
4950,11.24032088,7640,6.28,12.8,0.34,1890,1.13
4951,7.367409165,4419,5.77,10.4,0.06,1700,1.03
4952,7.367409165,4419,5.77,10.4,0.06,1700,1.03
4953,5.418540092,2832,6.38,9.96,0.35,1950,1.27
4954,11.25098749,7649,6.48,11.6,0.43,1980,1.36
4955,10.25649342,6813,6.71,12,0.51,2080,1.38
4956,8.384448635,5256,5.61,11.85,0.98,1760,1.1
4957,9.398826823,6097,6.18,10.1,0.47,1940,1.3
4958,8.121488834,5039,5.4,11.1,0.16,1620,1.12
4959,8.121488834,5039,5.4,11.1,0.16,1620,1.12
4960,9.805582001,6436,5.44,12.45,0.14,1630,1.07
4961,9.805582001,6436,5.44,12.45,0.14,1630,1.07
4962,23.19519004,18231,3.56,33.1,0.83,600,0.36
4963,23.19519004,18231,3.56,33.1,0.83,600,0.36
4964,23.19519004,18231,3.56,33.1,0.83,600,0.36
4965,23.19519004,18231,3.56,33.1,0.83,600,0.36
5002,2.128467278,201,6.44,9.4,1.48,1530,1.1
5003,2.128467278,201,6.44,9.4,1.48,1530,1.1
5004,5.503831805,2901,5.92,12.2,0.51,1510,1.04
5005,6.611684114,3801,5.75,12.75,0.8,1740,1.12
5006,1.913343819,31,6.29,8.33,1.84,1980,1.35
5007,1.913343819,31,6.29,8.33,1.84,1980,1.35
5008,6.057606332,3350,6.85,9.55,2.21,2180,1.47
5009,2.222013015,275,6.41,6.84,1.99,2030,1.37
5010,4.381118073,1996,6.3,9.45,2.86,1990,1.37
5011,2.306659479,342,5.78,6.88,0.93,1760,1.16
5012,2.306659479,342,5.78,6.88,0.93,1760,1.16
5013,2.180303884,242,3.85,33.5,0.88,1210,0.72
5014,2.180303884,242,3.85,33.5,0.88,1210,0.72
5015,2.180303884,242,3.85,33.5,0.88,1210,0.72
5016,32.9837578,27816,1.5,54.4,0.31,280,0.11
5017,32.9837578,27816,1.5,54.4,0.31,280,0.11
5070,10.65351839,7146,6.71,10.1,0.76,2030,1.245
5071,8.026846077,4961,7.17,8.2,0.87,2180,1.305
5072,7.709685261,4700,7.02,8.07,2.36,2170,1.465
5073,10.08204966,6667,6.49,12.4,1.27,2080,1.23
5074,9.80198777,6433,6.57,12.85,1.07,2210,1.23
5075,13.17325958,9283,6.31,16.7,1.58,1990,0.941
5076,7.735230811,4721,6.94,13.65,2.42,1750,1.185
5077,8.460697782,5319,6.46,10.7,2.76,1740,1.28
5078,9.613755807,6276,7.19,10.4,3.33,1840,1.34
5079,15.1349187,10976,6.65,14,0.8,1640,1.19
5080,14.894406,10767,6.57,13.1,1.02,1840,1.32
5081,11.92242193,8217,6.92,11.1,1.3,2040,1.425
5082,11.74898266,8070,6.58,10.45,1.15,2000,1.435
5083,8.386869893,5258,7.17,9.75,3.69,2050,1.48
5084,13.56268076,9617,6.23,13.2,1.48,1530,1.09
5085,24.26643283,19235,5.49,18.15,1.18,1370,0.78
5086,19.27018161,14635,6.59,14.95,2.07,1860,1.205
5087,14.96695407,10830,6.31,13,0.82,1710,1.305
5088,10.64399411,7138,6.8,9.7,2.31,1870,1.38
5089,7.945498596,4894,6.95,8.94,2.46,1950,1.48
5090,9.078804237,5831,6.93,9.53,1.78,2000,1.525
5091,10.44978835,6975,6.98,10.25,1.28,2040,1.54
5092,18.26739094,13736,6.99,15.5,0.97,1880,1.355
5093,22.34040281,17437,5.74,16.25,0.57,1460,0.95
5094,14.43626464,10370,6.46,12.65,0.61,1860,1.205
5095,11.87760937,8179,6.08,10.35,0.67,1840,1.22
5096,16.99584286,12607,6.09,13.85,0.55,1830,1.28
5097,14.21872486,10182,6.56,11.05,0.43,1840,1.365
5098,8.075388926,5001,6.91,12.3,0.78,2250,1.44
5099,9.82714537,6454,7,15.7,1.1,2270,1.38
5100,9.136608447,5879,4.22,34.9,1.38,1220,0.78
5186,10.47840085,6999,6.84,10.9,0.23,2150,1.54
5187,11.98136238,8267,6.14,11.75,0.12,1960,1.41
5188,11.98136238,8267,6.14,11.75,0.12,1960,1.41
5189,15.54123201,11330,5.76,15.3,0.07,1700,1.07
5190,10.7451547,7223,6.87,11.3,0.06,2010,1.43
5191,10.7451547,7223,6.87,11.3,0.06,2010,1.43
5192,6.90810027,4043,6.42,10.3,0.07,2150,1.38
5193,6.90810027,4043,6.42,10.3,0.07,2150,1.38
5194,4.542928866,2126,6.75,8.25,0.12,2290,1.46
5195,4.542928866,2126,6.75,8.25,0.12,2290,1.46
5196,9.487721561,6171,6.83,9.62,0.25,2300,1.49
5197,8.382027334,5254,6.63,10.5,0.39,2270,1.4
5198,15.28658155,11108,6.2,12.9,0.32,2150,1.19
5199,23.40730167,18429,4.67,26.4,0.48,1610,0.87
5319,9.994742567,6594,6.82,9.6,0.87,2100,1.47
5320,8.760442062,5567,6.75,8.71,0.94,2050,1.48
5321,33.44627174,28294,4.73,28.5,0.74,1200,0.88
5322,37.19722387,32268,2.57,41.4,0.68,420,0.24
5429,2.125938204,199,8.69,5.4,3.35,630,0.32
5430,2.600654466,575,9.42,5.56,2.99,680,0.34
5431,5.120238949,2591,8.53,7.98,2.94,860,0.47
5432,5.120238949,2591,8.53,7.98,2.94,860,0.47
5433,17.48963051,13044,5.05,28,1.62,1780,1.12
5434,17.48963051,13044,5.05,28,1.62,1780,1.12
5435,3.822113013,1548,5.93,22.2,2.34,2100,1.31
5436,3.822113013,1548,5.93,22.2,2.34,2100,1.31
5437,3.125372472,992,7.22,14.05,2.02,2520,1.55
5438,2.108233497,185,6.92,12.8,2.18,2070,1.32
5439,2.091791541,172,6.22,15,1.93,1820,1.17
5440,2.258656911,304,5.31,15.5,0.85,1510,1
5441,2.061432427,148,5.84,12.45,0.57,1840,1.18
5449,4.386099552,2000,6.01,16.7,0.28,1830,1.14
5450,4.06943712,1746,6.36,12,0.18,1990,1.3
5451,3.47791401,1273,6.47,11.8,0.41,2100,1.32
5452,3.132908844,998,6.92,9.69,0.62,2260,1.43
5453,8.680735431,5501,6.28,12.6,0.93,1890,1.22
5454,3.884608038,1598,2.96,36.6,1.33,650,0.4
5455,3.884608038,1598,2.96,36.6,1.33,650,0.4
5456,3.967060664,1664,1.8,43.9,1.2,300,0.1
5548,6.755070703,3918,7.94,10.8,1.75,2510,1.695
5549,3.410231149,1219,7.7,9.99,2.1,2520,1.695
5550,5.375256778,2797,7.84,9.97,2.39,2490,1.725
5551,3.880859088,1595,7.97,9.93,2.18,2360,1.645
5552,13.31914029,9408,6.69,13.45,1,1530,1.095
5553,12.36500076,8593,6.48,12.05,0.64,1650,1.15
5554,11.32918287,7715,6.48,12.45,1.6,1860,1.29
5555,13.9276988,9931,6.24,11.85,1.87,1770,1.225
5556,14.41198368,10349,6.6,13.1,1.85,1740,1.23
5557,15.66263655,11436,6.9,13.3,1.5,1710,1.235
5558,13.6848579,9722,7.01,11.8,1.7,1880,1.405
5559,15.51945816,11311,6.64,12.65,1.64,1810,1.345
5560,13.90331956,9910,6.83,13.8,2.01,1840,1.4
5561,10.28514736,6837,6.95,15.1,1.95,1860,1.37
5562,12.13330566,8396,6.79,14.7,1.56,1840,1.365
5563,16.35554259,12043,6.38,13.6,1.71,1720,1.305
5564,12.68422473,8865,6.47,11.7,1.15,1670,1.285
5565,10.0174718,6613,7.24,10.2,0.71,1960,1.43
5566,11.29956887,7690,6.85,11.55,0.64,1900,1.39
5567,6.281464077,3532,6.11,12.9,0.8,1990,1.27
5568,3.475407792,1271,6.7,8.79,0.96,2190,1.44
5569,2.167662462,232,6.19,11.9,0.61,2020,1.34
5570,2.167662462,232,6.19,11.9,0.61,2020,1.34
5571,1.994367633,95,6.1,11.7,0.82,1990,1.28
5572,4.757982297,2299,2.02,45.7,1.36,440,0.24
5765,2.130996309,203,6.19,9.7,0.72,2170,1.26
6075,3.959566889,1658,6.24,8.64,1.04,1410,1.045
6076,4.699588941,2252,6.19,9.32,0.57,1340,1.045
6077,3.758340633,1497,6.13,8.7,0.87,1270,0.954
6078,3.393932485,1206,5.9,8.23,1.02,1440,1.01
6079,3.472901531,1269,6.27,7.2,1.05,1740,1.18
6080,4.992560396,2488,6.68,9.59,0.67,1720,1.225
6081,4.303883323,1934,6.48,9.69,0.66,1600,1.2
6082,3.677021922,1432,6.88,10.05,2.41,1910,1.44
6083,3.677021922,1432,6.88,10.05,2.41,1910,1.44
6084,4.141806456,1804,6.65,9.85,1.26,2040,1.395
6085,3.213272931,1062,6.96,10,0.96,2150,1.425
6086,2.37863447,399,6.74,9.59,0.49,2070,1.35
6087,3.281046168,1116,6.8,10.1,0.86,2080,1.41
6088,7.709685261,4700,6.31,10.25,0.38,2060,1.34
6089,4.885868368,2402,7.7,8.72,0.95,1530,0.936
6090,4.885868368,2402,7.7,8.72,0.95,1530,0.936
6091,2.688866091,645,8.8,5.47,2.15,640,0.302
6092,2.402618438,418,8.09,5.21,1.78,640,0.288
6093,2.977079171,874,8.53,5.6,2.3,670,0.33
6094,2.977079171,874,8.53,5.6,2.3,670,0.33
6095,2.977079171,874,8.53,5.6,2.3,670,0.33
6096,5.729794462,3084,6.62,9.25,0.14,1790,1.19
6097,3.770847207,1507,6.27,9.62,0.33,1970,1.31
6098,5.282462848,2722,6.55,10.5,0.48,1990,1.32
6222,4.892073552,2407,6.52,12.55,2.41,2080,1.36
6223,3.569361796,1346,6.86,9.72,1.94,2240,1.48
6224,5.033479429,2521,6.67,11.55,2.87,2140,1.45
6225,4.064444809,1742,6.59,11,2.23,2150,1.39
6226,7.24173772,4316,4.87,27.5,2.39,1400,0.84
6227,1.891814529,14,2.59,24.2,0.69,420,0.14
6289,5.597717563,2977,6.13,9.74,0.87,1840,1.265
6290,3.828363715,1553,6.37,9.6,0.53,2020,1.32
6291,7.414963981,4458,4.09,6.2,0.84,1310,0.87
6292,7.535607234,4557,7.56,9.22,1.61,2300,1.56
6466,3.898353367,1609,6.13,16,0.86,1820,1.2
6467,12.43313674,8651,6.59,15.85,0.63,2210,1.41
6468,10.06770171,6655,6.56,17.2,1.71,1480,1.15
6469,6.763644761,3925,7.36,9.86,0.15,1700,1.33
6558,11.07784485,7503,7.3,10.9,1.08,2100,1.45
6559,10.94011747,7387,6.51,10.5,0.86,1910,1.31
6560,10.86406855,7323,7.01,10.05,1.33,2120,1.45
6561,9.960043162,6565,6.97,10.7,0.7,1830,1.19
6562,9.960043162,6565,6.97,10.7,0.7,1830,1.19
6563,9.960043162,6565,6.97,10.7,0.7,1830,1.19
6564,9.960043162,6565,6.97,10.7,0.7,1830,1.19
6565,9.327909465,6038,6.96,10.5,0.1,2190,1.4
6566,9.327909465,6038,6.96,10.5,0.1,2190,1.4
6567,10.30066568,6850,6.82,11.65,0.29,2270,1.46
6568,8.770100316,5575,6.57,10.7,0.75,2050,1.3
6569,10.1262795,6704,6.72,10.2,0.89,2150,1.31
6570,9.57175745,6241,6.84,11,0.64,2200,1.35
6571,8.386869893,5258,6.91,9.66,0.63,2150,1.36
6572,6.964373225,4089,6.67,9.92,0.67,2100,1.34
6573,4.930539741,2438,6.86,12.05,0.46,2150,1.35
6574,6.696263088,3870,6.27,11.9,0.15,1990,1.2
6575,20.49974307,15748,5.41,20.2,0.41,1510,0.91
6576,20.49974307,15748,5.41,20.2,0.41,1510,0.91
6577,58.25542812,59317,2.65,39.5,0.88,500,0.26
6578,58.25542812,59317,2.65,39.5,0.88,500,0.26
6579,56.97917593,57338,2.03,41.8,0.59,280,0.08
6580,56.97917593,57338,2.03,41.8,0.59,280,0.08
6581,56.97917593,57338,2.03,41.8,0.59,280,0.08
6582,56.97917593,57338,2.03,41.8,0.59,280,0.08
6583,56.97917593,57338,2.03,41.8,0.59,280,0.08
6584,56.97917593,57338,2.03,41.8,0.59,280,0.08
6585,22.70617817,17776,3.86,27.1,1.2,400,0.24
6586,22.70617817,17776,3.86,27.1,1.2,400,0.24
6587,4.857321092,2379,6.69,9.77,0.37,2080,1.35
6588,4.857321092,2379,6.69,9.77,0.37,2080,1.35
6589,8.286351848,5175,6.98,9.65,0.48,2260,1.42
6590,6.449739443,3669,6.71,8.58,0.33,2160,1.4
6591,8.908862332,5690,6.78,9.48,0.45,2230,1.43
6592,7.639106464,4642,6.96,8.96,0.31,2210,1.44
6612,2.521219344,512,6.93,9.9,1.14,1980,1.455
6613,3.65324333,1413,6.67,13.65,0.96,1840,1.23
6614,3.65324333,1413,6.67,13.65,0.96,1840,1.23
6615,1.907011995,26,5.5,9.56,0.26,1610,1.11
6616,2.847515387,771,6.84,9.1,1.23,1940,1.36
6617,2.847515387,771,6.84,9.1,1.23,1940,1.36
6618,2.328129329,359,6.92,6.75,1.07,2030,1.39
6619,2.328129329,359,6.92,6.75,1.07,2030,1.39
6620,1.917142786,34,6.83,7.36,1.04,2000,1.39
6634,2.27381728,316,4.1,5.91,0.5,1080,0.77
6635,2.27381728,316,4.1,5.91,0.5,1080,0.77
6636,2.19673614,255,6.49,8.15,0.7,1900,1.25
6637,2.19673614,255,6.49,8.15,0.7,1900,1.25
6638,2.667448071,628,6.71,7.52,1.64,2140,1.35
6821,3.540555609,1323,6.89,12,1.99,1980,1.39
6822,3.590649701,1363,7.08,10.9,0.66,2080,1.5
6823,3.018565977,907,6.7,11.65,0.33,1900,1.38
6824,5.236662422,2685,6.27,12.6,0.5,1770,1.27
6825,5.236662422,2685,6.27,12.6,0.5,1770,1.27
6826,5.223043265,2674,5.67,11.65,0.51,1780,1.21
6827,5.566840886,2952,6.67,12.05,0.34,2100,1.41
6828,3.154259813,1015,6.73,11.6,2.78,2160,1.4
6829,5.179701002,2639,6.46,11,1.7,2060,1.35
6830,5.179701002,2639,6.46,11,1.7,2060,1.35
6831,5.179701002,2639,6.46,11,1.7,2060,1.35
6832,8.396554499,5266,7.11,12.25,2.74,2260,1.47
6833,8.20515721,5108,7.19,11.8,2.69,2290,1.48
6834,2.234649854,285,4.59,14,1.65,1490,0.96
6835,2.234649854,285,4.59,14,1.65,1490,0.96
6836,5.315875571,2749,6.69,11.95,1.75,2090,1.36
6837,5.315875571,2749,6.69,11.95,1.75,2090,1.36
6838,5.315875571,2749,6.69,11.95,1.75,2090,1.36
6839,5.618709899,2994,5.4,12.25,1.02,1700,1.13
6840,5.618709899,2994,5.4,12.25,1.02,1700,1.13
6841,5.864214599,3193,5.21,12,1.17,1620,1.09
6933,11.2450617,7644,7.34,10.45,1.18,2230,1.52
6934,8.535695318,5381,7.14,9.72,1.15,2210,1.46
6935,11.90945145,8206,6.99,11.15,0.82,2200,1.47
6936,11.2865366,7679,4,30,1.93,900,0.53
7001,12.96523799,9105,6.37,14.6,0.51,2220,1.25
7002,12.96523799,9105,6.37,14.6,0.51,2220,1.25
7003,12.7428198,8915,6.59,12.7,1.63,2400,1.44
7004,9.758849518,6397,6.8,11.05,1.26,2390,1.48
7005,11.04698739,7477,6.81,11.2,1.43,2420,1.51
7006,10.30782737,6856,6.98,11.15,1.39,2480,1.53
7007,8.610651876,5443,6.69,9.45,1.22,2410,1.49
7008,10.84980452,7311,6.61,10.8,1.42,2500,1.54
7009,13.50445986,9567,5.91,15.3,0.53,2170,1.28
7010,13.50445986,9567,5.91,15.3,0.53,2170,1.28
7011,10.13703591,6713,6.32,13.3,0.43,1620,1.09
7012,16.8757615,12501,6.92,14.75,0.67,2660,1.45
7013,16.8757615,12501,6.92,14.75,0.67,2660,1.45
7014,18.61638789,14048,6.39,14.75,0.94,2510,1.29
7015,18.61638789,14048,6.39,14.75,0.94,2510,1.29
7016,14.28240581,10237,6.35,12.3,1.25,2320,1.42
7017,14.28240581,10237,6.35,12.3,1.25,2320,1.42
7018,14.28240581,10237,6.35,12.3,1.25,2320,1.42
7019,13.10084096,9221,6.5,12.2,1.53,2390,1.55
7020,13.10084096,9221,6.5,12.2,1.53,2390,1.55
7021,21.37209701,16545,6.2,15.85,1.46,2010,1.13
7022,15.74960759,11512,6.55,13.85,1.08,2120,1.32
7023,11.30430756,7694,5.52,16.05,1.57,1800,1.08
7024,9.688120842,6338,6.51,11.1,2.11,2030,1.31
7025,8.030487383,4964,6.54,10.4,0.9,2110,1.32
7026,10.9009102,7354,6.72,11.6,1.7,2210,1.42
7027,12.45662359,8671,6.33,13.75,1.21,1760,1.15
7028,8.943832234,5719,6.49,12.4,1.15,1700,1.13
7029,8.943832234,5719,6.49,12.4,1.15,1700,1.13
7030,6.437463338,3659,6.29,10.55,0.17,1320,1.01
7031,8.917304163,5697,6.01,11.55,0.16,1540,1.07
7032,9.421656718,6116,6.51,12.55,1.34,1860,1.29
7033,7.503933264,4531,6.36,11,0.65,1770,1.26
7034,23.9975009,18982,3.48,24.6,0.49,1500,0.74
7035,23.9975009,18982,3.48,24.6,0.49,1500,0.74
7105,23.3012981,18330,5.92,18.3,0.77,1870,1.2
7106,8.129979243,5046,3.39,32.1,1.34,620,0.36
7107,8.129979243,5046,3.39,32.1,1.34,620,0.36
7179,13.81156508,9831,6.3,12.2,0.55,2010,1.35
7180,16.16529946,11876,3.66,29.2,1.18,960,0.62
7235,9.534548,6210,7.09,8.81,2.21,2260,1.5
7236,8.838895632,5632,7.26,9.07,1.98,2270,1.53
7237,8.614277767,5446,7.83,9.04,2.28,2360,1.57
7238,9.539349795,6214,7.02,9.74,1.61,2200,1.47
7239,15.10042397,10946,6.71,14.15,1.75,2070,1.37
7240,12.19332733,8447,5.5,20.1,2.16,1720,1.15
7241,12.19332733,8447,5.5,20.1,2.16,1720,1.15
7296,7.601368609,4611,7.02,8.1,1.36,2180,1.44
7297,9.089644397,5840,6.78,8.72,1.26,2100,1.38
7298,23.87183686,18864,4.84,23.3,1.57,1440,0.96
7299,23.87183686,18864,4.84,23.3,1.57,1440,0.96
7300,23.87183686,18864,4.84,23.3,1.57,1440,0.96
7400,10.85455936,7315,6.69,9.35,1.16,2140,1.43
7401,9.265375266,5986,6.77,8.64,1.05,2120,1.41
7402,7.797250431,4772,6.78,8.58,1.19,2140,1.43
7403,7.32715781,4386,7.14,8.47,1.05,2230,1.5
7404,8.400186051,5269,6.95,8.37,1.26,2230,1.5
7405,65.71395933,72545,1.5,55.5,0.46,370,0.11
7460,11.37181533,7751,5.77,12.85,0.7,1830,1.3
7461,11.37181533,7751,5.79,15.7,0.67,1880,1.39
7462,14.09358481,10074,5.79,15.7,0.67,1880,1.39
8286,4.780339474,2317,6.61,7.64,1.19,2030,1.35
8287,4.780339474,2317,6.61,7.64,1.19,2030,1.35
8288,4.780339474,2317,6.61,7.64,1.19,2030,1.35
8289,4.780339474,2317,6.62,8.07,1.19,2020,1.35
8408,11.84457973,8151,6.14,12.6,0.84,1990,1.34
8409,9.100483694,5849,6.98,7.02,0.5,2260,1.56
8410,23.3441404,18370,5.64,18.1,0.8,1800,1.22
8576,15.30954457,11128,6.29,11.4,1.46,1990,1.405
8577,10.37465134,6912,7.03,8.35,1.16,2220,1.56
8578,9.047483369,5805,7.08,7.52,0.93,2300,1.58
8579,13.66973758,9709,6.59,10.65,0.7,2140,1.475
8580,13.66973758,9709,6.59,10.65,0.7,2140,1.475
8581,69.32322319,80554,2.55,43.3,0.85,530,0.281
8582,69.32322319,80554,2.55,43.3,0.85,530,0.281
8648,10.40089447,6934,6.96,8.98,0.96,2290,1.49
8703,9.938501091,6547,7.21,8.89,1.35,2260,1.485
8704,7.405210469,4450,7.29,7.84,1.52,2330,1.515
8705,10.31260162,6860,7.24,8.86,0.69,2300,1.52
8706,29.23841231,24034,3.18,35.2,1.39,780,0.546
8789,11.1929033,7600,6.78,9.34,1.88,2200,1.535
8790,10.33527698,6879,7.15,8.67,1.98,2250,1.575
8791,10.44501901,6971,7.16,8.29,1.89,2270,1.575
8792,15.33250332,11148,6.68,11.75,1.45,2150,1.495
8793,19.68482275,15009,4.18,29.8,1.95,1010,0.658
8794,19.68482275,15009,4.18,29.8,1.95,1010,0.658
8868,7.246620275,4320,6.72,9.06,0.79,2260,1.455
8992,6.696263088,3870,7.12,9.55,2.94,2280,1.52
9116,11.75960801,8079,6.15,9.76,1.09,1650,1.135
9117,4.377381851,1993,5.02,19.35,0.73,1640,1.06
9118,4.377381851,1993,5.02,19.35,0.73,1640,1.06
9264,7.27713238,4345,7.21,8.68,1.05,2260,1.46
9741,4.377381851,1993,5.96,7.35,1.08,1970,1.27
9742,3.762092717,1500,6.15,8.43,0.92,2010,1.3
9743,6.865268781,4008,6.52,8.73,1.05,2180,1.4
9871,8.425604224,5290,7.74,10.5,0.99,1120,0.79
9872,8.425604224,5290,7.74,10.5,0.99,1120,0.79
9873,25.50962904,20413,6.87,19.75,0.83,1180,0.84
9874,16.87462809,12500,7.02,14.15,0.9,1130,0.88
9875,15.79307003,11550,6.86,12.35,1.99,1240,0.91
9876,13.66392159,9704,7.09,11.25,0.72,1240,0.93
9877,14.77455154,10663,7.24,12.15,0.76,1260,0.97
9878,13.00967545,9143,7.67,10.65,1.15,1360,1.03
9879,24.16340519,19138,7.08,15.95,0.59,1200,0.93
9880,16.12767133,11843,7.07,11.55,0.22,1210,0.95
9881,13.70230218,9737,7.55,10.95,0.62,1340,0.99
9882,29.07255249,23870,6.12,22,0.59,1030,0.64
9883,65.13855938,71393,1.45,47.3,0.13,300,0.07
9884,75.55296127,101625,0.48,50,0.05,80,0.02
9885,46.605175,43148,3.5,37.5,0.57,350,0.22
9886,17.43210804,12993,7.21,14.7,0.74,640,0.46
9887,25.58513417,20485,6.9,18.85,0.43,660,0.46
9888,10.56301019,7070,8.06,10.5,0.98,1440,0.95
9889,16.87462809,12500,6.94,13.75,0.34,2310,1.18
9890,14.77455154,10663,7.02,11.9,0.92,2310,1.24
9891,17.52458159,13075,6.97,14.55,1.6,2220,1.2
9892,15.22341127,11053,7.26,12,0.21,2440,1.28
9893,29.73125578,24523,5.72,21.2,0.46,1970,1.04
9894,22.75679369,17823,6.16,17.9,0.92,2050,1.06
9895,22.98803255,18038,5.48,20.1,0.51,1910,0.94
9896,12.45310083,8668,7.26,11.05,0.92,2430,1.3
9897,16.71924969,12363,7.05,13.3,0.91,2400,1.28
9898,13.1090193,9228,7.18,10.35,0.72,2480,1.31
9899,12.06854533,8341,7.16,10.2,1.06,2390,1.3
9900,10.33527698,6879,6.12,10.55,1.06,1910,1.01
9901,18.11493932,13600,6.77,13.75,0.5,980,0.69
9902,20.94059731,16150,6.73,14.8,0.79,1410,0.97
9903,20.06709343,15355,6.22,15,0.89,1730,1.18
9904,12.98395038,9121,7.15,12.45,1.56,1930,1.32
9970,20.40850637,15665,7.14,18.2,1.62,1310,0.94
9971,37.22213267,32295,5.17,30.4,0.99,750,0.55
9972,35.165155,30093,5.16,29.6,1.01,1000,0.69
9973,32.88571827,27715,5.11,28.8,0.62,590,0.44
9974,33.92650682,28793,5.55,25.6,0.56,1140,0.79
9975,37.36958085,32455,5.47,27.7,0.78,900,0.59
9976,31.35763342,26155,5.63,25.9,1,930,0.58
9977,27.96085845,22778,5.82,23.3,1.08,940,0.56
9978,29.92908386,24720,6.44,22.8,0.78,910,0.71
9979,26.09752073,20975,6.69,20.9,0.76,1390,1
9980,44.31881699,40365,3.85,38.3,0.36,870,0.54
9981,48.6276297,45698,4.44,39.1,0.3,610,0.47
9982,29.90701191,24698,6.45,24.8,0.63,1180,0.85
9983,37.51032293,32608,5.62,29.6,0.75,940,0.64
9984,39.91287555,35263,5.36,30.8,0.69,880,0.57
9985,36.09822021,31085,5.38,26.9,0.82,720,0.48
9986,28.47858296,23285,5.96,22.7,1.1,690,0.42
9987,33.53693978,28388,5.56,24.2,0.98,850,0.5
9988,38.21029024,33373,4.88,28.2,0.79,670,0.36
9989,25.33848965,20250,6.69,19.5,0.58,1060,0.67
9990,31.81091953,26615,5.74,24.1,0.74,810,0.5
9991,35.56336603,30515,5.3,26.2,1.03,700,0.37
9992,35.56336603,30515,5.3,26.2,1.03,700,0.37
9993,19.30682757,14668,6.93,16.35,1.39,700,0.43
9994,27.52681402,22355,5.98,21.9,1.23,680,0.38
9995,21.25755686,16440,6.5,16.5,1.44,1670,0.89
9996,27.35698879,22190,5.86,19.05,0.71,1790,0.93
9997,20.75766554,15983,5.94,16.85,1.51,1890,0.92
9998,25.13653887,20058,5.65,21,1.1,1870,0.9
9999,30.21254942,25003,2.99,24.6,0.43,850,0.41
10000,14.52063333,10443,4.04,23.7,0.67,590,0.29
10001,8.730255619,5542,5.53,22.8,1.18,670,0.43
10002,6.242130057,3500,6.67,14.1,1.2,780,0.47
10003,7.927279917,4879,5.07,21.3,0.45,960,0.62
10004,13.1160289,9234,3.32,25.3,0.33,1050,0.45
10005,20.61176471,15850,5.1,23.1,0.77,1470,0.72
10006,24.70080252,19645,5.96,22,0.44,1790,0.97
10007,25.09652285,20020,7.02,15.8,0.38,2170,1.13
10008,20.08143132,15368,6.96,15.1,0.59,2280,1.15
10009,17.01622214,12625,7.48,11.9,0.86,2370,1.2
10010,13.37628008,9457,7.58,10.45,0.65,1730,1.19
10011,14.15269421,10125,7.26,11.65,1.49,1510,1.05
10012,18.60186707,14035,6.99,14,0.64,1690,1.11
10013,28.11942796,22933,6.66,17.2,0.25,1690,1.09
10014,23.8995383,18890,6.33,16.95,0.08,1690,1.05
10015,34.31910232,29203,6.48,21,0.64,1360,0.92
10016,17.44564523,13005,7.32,14.1,0.31,1600,1.05
10017,13.13121505,9247,7.72,10.2,0.78,1770,1.14
10018,13.13121505,9247,7.72,10.2,0.78,1770,1.14
10019,16.29519823,11990,7.2,12.4,0.24,1970,1.3
10020,16.91429121,12535,7.44,13.15,0.67,2050,1.33
10021,29.66287389,24455,7.08,18.3,0.89,1840,1.12
10022,31.53034506,26330,6.69,20.5,0.9,1870,1.08
10023,24.73040143,19673,7.52,16.25,0.72,1890,1.15
10024,15.16250758,11000,7.89,11.35,1.13,2090,1.25
10025,17.01056158,12620,7.62,13.3,0.71,1990,1.19
10026,13.1160289,9234,8.36,10.75,2.54,1950,1.22
10027,22.92355034,17978,7.27,15.7,0.62,1890,1.1
10028,25.50648179,20410,7.37,15.35,0.73,1860,1.04
10029,14.83449318,10715,8.27,11.5,1.09,1980,1.24
10030,20.36451065,15625,7.07,14.75,0.58,1560,0.99
10031,27.30031588,22135,7.02,17.25,0.21,1620,0.98
10032,16.0272729,11755,7.8,11.85,1.89,2190,1.3
10033,23.01703702,18065,7.36,14.7,1.14,2070,1.19
10034,16.93694999,12555,7.74,12.05,0.99,2230,1.28
10035,16.47159275,12145,7.33,11.5,0.49,2220,1.35
10036,9.372387401,6075,7.81,10.05,0.6,1400,1.01
10037,5.984961276,3291,8.11,8.15,3.05,1710,1.08
10038,5.984961276,3291,8.11,8.15,3.05,1710,1.08
10039,5.016121257,2507,6.2,9.23,1.11,2290,1.47
10040,5.016121257,2507,6.2,9.23,1.11,2290,1.47
10041,9.293038179,6009,6.77,10.3,1.6,2620,1.61
10042,9.293038179,6009,6.77,10.3,1.6,2620,1.61
10043,9.293038179,6009,6.77,10.3,1.6,2620,1.61
10044,9.551353536,6224,6.58,10.2,3.06,2370,1.46
10045,9.551353536,6224,6.58,10.2,3.06,2370,1.46
10046,11.17511732,7585,6.82,10.65,2.14,2160,1.39
10047,10.23738738,6797,6.65,10.9,0.45,2350,1.515
10048,10.23738738,6797,6.65,10.9,0.45,2350,1.515
10049,7.805760764,4779,6.71,9.98,2.13,2350,1.505
10050,7.44543931,4483,6.9,9.4,1.77,2400,1.5
10051,7.102513198,4202,6.77,9.28,2.04,2350,1.5
10052,5.125195058,2595,6.11,8.11,1.42,1690,1.105
10053,5.125195058,2595,6.11,8.11,1.42,1690,1.105
10054,9.175130942,5911,6.45,11.4,0.26,2680,1.605
10055,9.175130942,5911,6.45,11.4,0.26,2680,1.605
10056,6.665624395,3845,6.23,9.67,1.84,2690,1.61
10057,6.714643106,3885,6.75,9.32,1.39,2870,1.745
10058,6.949695498,4077,6.7,9.71,1.31,2810,1.72
10059,6.724444802,3893,6.8,9.81,1.45,2870,1.735
10060,6.39571661,3625,6.79,9.32,1.4,2890,1.75
10061,6.074838695,3364,6.82,9.7,1.29,2860,1.745
10062,6.028060278,3326,6.85,9.09,1.79,2990,1.73
10063,10.28753491,6839,6.59,11.05,0.54,2650,1.635
10064,10.28753491,6839,6.59,11.05,0.54,2650,1.635
10065,8.849754884,5641,6.55,10.75,2.28,2500,1.585
10066,9.260563749,5982,6.87,11.4,2.12,2670,1.67
10067,7.755907098,4738,7.09,9.51,2.7,2800,1.735
10068,8.967944185,5739,6.79,9.92,1.89,2650,1.65
10069,7.742528676,4727,7.68,10.35,1.36,1690,1.11
10070,7.742528676,4727,7.68,10.35,1.36,1690,1.11
10071,11.13123495,7548,7.45,10.6,1.7,2490,1.555
10072,9.859483949,6481,7.58,10.7,1.1,2570,1.595
10073,5.469226794,2873,6.86,11.3,0.64,2340,1.46
10074,5.469226794,2873,6.86,11.3,0.64,2340,1.46
10075,6.590838023,3784,7.55,8.6,1.81,2580,1.64
10076,6.030522684,3328,7.69,9.39,1.84,2620,1.66
10077,6.306042296,3552,7.79,9.38,1.98,2670,1.67
10078,5.52607347,2919,7.6,9.59,1.83,2570,1.62
10079,6.237212538,3496,7.57,9.25,1.98,2600,1.62
10080,5.548311681,2937,7.4,9.1,1.87,2510,1.575
10081,6.133905219,3412,7.37,9.07,1.77,2470,1.575
10082,5.677965744,3042,7.29,8.92,1.68,2410,1.55
10083,3.962064857,1660,7.48,5.11,1.19,2430,1.56
10084,2.311711486,346,9.05,1.96,1.26,600,0.375
10085,2.085467232,167,8.52,1.99,1.17,540,0.335
10086,4.347488622,1969,7.57,8.54,1.79,2440,1.525
10087,4.347488622,1969,7.57,8.54,1.79,2440,1.525
10088,4.450843271,2052,7.48,9.52,1.64,2540,1.61
10089,4.754255766,2296,7.47,9,2.02,2540,1.585
10090,5.479114793,2881,7.16,8.64,1.67,2460,1.54
10091,5.315875571,2749,7.63,9.68,0.96,2580,1.645
10092,5.388861513,2808,7.31,8.64,1.27,2520,1.595
10093,6.138826321,3416,7.4,9.2,1.2,1800,1.21
10094,6.138826321,3416,7.4,9.2,1.2,1800,1.21
10095,6.138826321,3416,7.4,9.2,1.2,1800,1.21
10096,7.697519062,4690,7.56,9.75,1.49,2160,1.44
10097,8.379605991,5252,7.24,9.97,0.96,2090,1.385
10098,8.63482267,5463,7.46,11,1.35,2240,1.485
10099,8.369920191,5244,7.27,10.5,1.42,2180,1.41
10100,8.884739934,5670,7.07,10.4,0.69,1960,1.415
10101,8.548997052,5392,7.21,10.65,1.16,2230,1.58
10102,8.110571826,5030,7.29,9.71,1.02,2030,1.45
10103,6.573668341,3770,7.76,9.46,1.75,1530,1.17
10104,6.573668341,3770,7.76,9.46,1.75,1530,1.17
10105,5.90981466,3230,7.97,10.15,0.92,600,0.621
10106,4.384854198,1999,8.35,9.25,1.94,610,0.612
10107,8.222127208,5122,6.82,9.88,0.27,1420,1.09
10108,8.222127208,5122,6.82,9.88,0.27,1420,1.09
10109,7.071962983,4177,6.64,9.53,0.84,1880,1.41
10110,6.68891041,3864,6.5,8.83,1.88,1940,1.445
10111,5.631056892,3004,6.81,8.61,1.09,1820,1.405
10112,6.970488492,4094,7.86,9.91,0.24,1260,1.045
10113,6.970488492,4094,7.86,9.91,0.24,1260,1.045
10114,8.861819707,5651,8.05,9.86,0.85,1550,1.24
10115,8.564715621,5405,7.75,10.7,1.34,1690,1.285
10116,8.564715621,5405,7.75,10.7,1.34,1690,1.285
10117,9.274997789,5994,7.18,10.05,2.06,1890,1.32
10118,8.247578289,5143,7.37,10.35,1,2070,1.44
10119,8.247578289,5143,7.37,10.35,1,2070,1.44
10120,6.562629585,3761,7.35,9,1.64,2190,1.505
10121,6.419047183,3644,7.2,8.86,1.55,2150,1.485
10122,4.868492437,2388,7.32,8.95,2.06,2140,1.475
10123,4.894555551,2409,7.23,8.12,2.24,2110,1.45
10124,5.375256778,2797,7.55,9.04,2.09,1980,1.36
10125,4.897037507,2411,7.38,8.13,1.53,2150,1.49
10126,4.532976481,2118,7.16,7.61,0.96,2130,1.46
10127,4.532976481,2118,7.16,7.61,0.96,2130,1.46
10128,1.98803922,90,2.8,1.7,0.84,550,0.341
10167,6.601874573,3793,6.65,9.31,2.71,1600,1.14
10168,6.601874573,3793,6.65,9.31,2.71,1600,1.14
10169,6.601874573,3793,6.65,9.31,2.71,1600,1.14
10170,8.12634056,5043,6.86,12.1,0.81,1660,1.235
10171,3.029878546,916,6.39,13.7,1.19,1660,1.255
10172,7.238075691,4313,6.1,11.1,1.57,1730,1.295
10173,7.238075691,4313,6.1,11.1,1.57,1730,1.295
10174,8.136043501,5051,6.91,10.6,2.59,2020,1.515
10175,7.305197633,4368,7,9.52,2.26,2000,1.52
10176,7.531952913,4554,6.91,9.93,1.9,2030,1.505
10177,7.151379684,4242,6.56,12.45,1.01,1940,1.405
10178,8.131192116,5047,6.55,10.35,1.1,1910,1.42
10179,4.764192971,2304,5.87,11.35,0.28,1870,1.265
10180,4.764192971,2304,5.87,11.35,0.28,1870,1.265
10181,4.973956998,2473,6.51,10.05,0.55,1950,1.35
10182,3.412738476,1221,6.57,9.68,1.1,2030,1.365
10183,5.435849761,2846,6.63,10.1,1.12,2070,1.395
10184,8.191822173,5097,6.7,9.52,1.81,2160,1.4
10185,6.755070703,3918,6.21,10.5,1.11,1950,1.275
10201,5.388861513,2808,7.29,7.78,1.7,3380,1.48
10202,6.824872844,3975,7.21,8.99,2.23,2780,1.295
10203,6.824872844,3975,7.21,8.99,2.23,2780,1.295
10204,8.77130755,5576,7.65,9.13,0.88,1760,1.13
10205,8.77130755,5576,7.65,9.13,0.88,1760,1.13
10206,6.573668341,3770,7.81,7.94,0.92,1870,1.215
10207,7.003506325,4121,7.75,8.29,1.69,1950,1.185
10208,6.801609312,3956,7.67,8.12,2.01,1820,1.17
10209,6.435007989,3657,7.86,9.28,1.78,1660,1.14
10210,6.435007989,3657,7.86,9.28,1.78,1660,1.14
10211,9.952862855,6559,6.76,10.45,1.27,2100,1.45
10212,9.952862855,6559,6.76,10.45,1.27,2100,1.45
10213,6.29621152,3544,6.96,7.91,1.68,1630,1.15
10214,6.29621152,3544,6.96,7.91,1.68,1630,1.15
10215,8.960711047,5733,7.58,8.88,1.1,1690,1.095
10216,6.256881594,3512,7.83,7.97,1.65,1820,1.215
10217,6.256881594,3512,7.83,7.97,1.65,1820,1.215
10218,5.427195188,2839,7.62,8.2,1.54,1740,1.18
10219,4.1792248,1834,7.8,7.79,2.28,1820,1.205
10220,3.765844706,1503,7.97,7.6,2.15,1710,1.16
10221,5.973876564,3282,7.84,8.01,1.53,1470,1.06
10222,7.495404425,4524,7.55,9.12,0.88,1980,1.345
10223,7.450314744,4487,7.53,8.42,2.25,1980,1.27
10224,5.971413178,3280,7.7,7.76,2.34,1960,1.31
10225,7.856811792,4821,7.62,8.19,1.75,1870,1.265
10226,8.068108586,4995,7.54,8.38,2.84,1830,1.27
10227,8.571969737,5411,7.72,8.93,1.02,1880,1.335
10228,9.689319943,6339,7.84,9.14,2.26,1920,1.34
10229,9.445684028,6136,8.02,8.89,0.69,1810,1.255
10230,9.445684028,6136,8.02,8.89,0.69,1810,1.255
10231,8.93780358,5714,8.14,9.2,0.92,1840,1.285
10232,3.598162344,1369,7.22,8.68,0.83,1710,1.205
10233,4.780339474,2317,7.17,8.17,1.1,1670,1.19
10234,4.780339474,2317,7.17,8.17,1.1,1670,1.19
10235,8.655364492,5480,7.68,7.9,2.36,1820,1.25
10236,4.43963969,2043,7.2,9.35,0.9,1670,1.185
10237,4.43963969,2043,7.2,9.35,0.9,1670,1.185
10238,9.196795048,5929,7.18,9.59,2.59,1990,1.31
10239,9.196795048,5929,7.18,9.59,2.59,1990,1.31
10240,6.870164469,4012,7.49,8.05,2.73,2350,1.59
10241,6.435007989,3657,7.34,7.49,2.61,2330,1.515
10242,9.647345091,6304,7.82,8.79,1.46,1960,1.325
10243,9.647345091,6304,7.82,8.79,1.46,1960,1.325
10244,6.547909901,3749,7.94,8.73,1.88,1780,1.1
10304,4.985119324,2482,6.68,7.3,1.8,2290,1.52
10305,4.985119324,2482,6.68,7.3,1.8,2290,1.52
10306,9.424059641,6118,7.37,9.27,1.72,2400,1.58
10307,9.930122686,6540,7.18,9.37,1.73,2490,1.62
10308,9.076395195,5829,7.32,8.59,1.54,2390,1.575
10309,8.32874793,5210,7.35,8.6,1.53,2390,1.565
10310,9.493725856,6176,7.51,9.47,1.23,2350,1.54
10311,9.440878907,6132,7.54,9.32,1.73,2450,1.66
10312,9.599357842,6264,7.45,9.32,1.62,2450,1.625
10313,7.559966923,4577,7.19,8.4,1.56,2390,1.57
10314,6.886074278,4025,7.25,8.23,1.45,2420,1.59
10315,7.646409382,4648,7.31,8.6,1.11,2440,1.615
10316,9.541750629,6216,6.77,9.16,1.01,2050,1.375
10317,9.541750629,6216,6.77,9.16,1.01,2050,1.375
10318,9.541750629,6216,6.77,9.16,1.01,2050,1.375
10319,8.611860517,5444,7.04,9.41,0.74,2010,1.43
10320,8.222127208,5122,6.9,9.34,1.99,2170,1.485
10321,9.305063773,6019,6.72,8.84,1.41,2090,1.42
10322,8.10329334,5024,7.32,8.47,1.59,2120,1.47
10323,6.691361345,3866,7.38,8.36,1.48,2180,1.48
10324,7.516116413,4541,7.45,8.95,2.16,2230,1.5
10325,7.516116413,4541,7.45,8.95,2.16,2230,1.5
10326,6.547909901,3749,7.45,8.39,1.65,2170,1.48
10327,6.783240647,3941,7.31,7.91,1.63,2150,1.48
10328,7.394236952,4441,7.36,8.54,1.42,2120,1.465
10329,7.544133611,4564,7.4,8.45,1.28,2140,1.465
10330,7.953999825,4901,7.22,8.22,1.56,2080,1.41
10331,10.82483876,7290,6.51,10.2,1.34,1900,1.385
10332,11.37299937,7752,6.73,10.75,1.53,1920,1.43
10333,9.592158283,6258,6.83,9.8,1.26,1930,1.425
10334,10.56420149,7071,7.16,9.76,1.44,2050,1.485
10335,10.62375276,7121,7.01,9.05,1.41,2000,1.45
10336,9.564556421,6235,7.13,7.94,1.04,2060,1.485
10337,9.564556421,6235,7.13,7.94,1.04,2060,1.485
10338,10.11552223,6695,7.07,8.18,1.15,2060,1.475
10339,10.25529937,6812,6.76,8.78,0.66,1960,1.41
10340,10.60946288,7109,6.78,9.57,0.83,2000,1.43
10341,11.05885649,7487,6.73,9.77,1.06,2010,1.435
10342,10.89734532,7351,7.08,11.4,0.84,1710,1.25
10343,10.89734532,7351,7.08,11.4,0.84,1710,1.25
10344,10.89734532,7351,7.08,11.4,0.84,1710,1.25
10345,9.812770174,6442,6.72,11.05,0.99,1370,1.04
10346,9.812770174,6442,6.72,11.05,0.99,1370,1.04
10347,9.812770174,6442,6.72,11.05,0.99,1370,1.04
10348,9.812770174,6442,6.72,11.05,0.99,1370,1.04
10349,10.88783853,7343,6.58,9.47,1.09,1810,1.26
10350,10.84742703,7309,6.76,9.54,0.7,1980,1.345
10351,13.5393956,9597,6.63,11,0.56,1510,1.175
10352,13.5393956,9597,6.63,11,0.56,1510,1.175
10353,11.03393014,7466,6.47,10.1,0.55,1680,1.24
10354,11.03393014,7466,6.47,10.1,0.55,1680,1.24
10355,14.70189131,10600,6.36,12.4,1.14,1760,1.225
10356,14.70189131,10600,6.36,12.4,1.14,1760,1.225
10357,14.70189131,10600,6.36,12.4,1.14,1760,1.225
10358,12.11917888,8384,7.11,10.4,1.07,1590,1.23
10359,12.11917888,8384,7.11,10.4,1.07,1590,1.23
10360,11.29127576,7683,6.9,9.32,1.52,1780,1.26
10361,11.0220588,7456,6.93,8.89,0.98,2010,1.385
10362,9.546552168,6220,6.8,8.66,0.56,2070,1.41
10363,9.546552168,6220,6.8,8.66,0.56,2070,1.41
10364,12.44370635,8660,6.45,10.55,0.79,2060,1.355
10365,9.49132417,6174,6.91,7.77,1.02,2200,1.45
10366,7.125726906,4221,7.3,6.84,1.2,2260,1.51
10367,7.938211412,4888,7.22,7.68,0.86,2250,1.495
